상호명,주소,대표메뉴,한줄코멘트,가격대,영업시간,휴무일,몰리는시간
허니모먼트,대전 중구 선화로 93-1 1층 101호 허니모먼트,,,,,,
소솜,대전 서구 원도안로241번길 24-46 1층 101호,,,,,,
카페이이오,대전 서구 용소로39번길 32 1층 102호,,,,,,
버터컵,대전 동구 백룡로 36-1 지하1층,,,,,,
젤리포에,대전 서구 계룡로 399-1 101호,,,,,,
평생직장커피,대전 중구 계룡로874번길 71,,,,,,
윈터커피로스터스,대전 중구 대흥로111번길 34,,,,,,
뮤제,대전 중구 대흥로121번길 44,,,,11:00~22:00,수요일,
케이크 퍼즐,대전 서구 계룡로367번길 36 1층,,,,,,
챔프스페이스 커피로스터즈,,,,,,,
관저당,대전 서구 구봉산북로21번길 11,샌드위치·빵,,,10:00~17:00,,
도안양과점,대전 서구 원도안로179번길 72 1층,,,,,,
리사앤플라워,대전 서구 관저남로25번길 23-48 1층,,,,,,
프로틴팩토리,,,,,,,
윤달,대전 서구 도안대로 55 JJ빌딩 101호 카페윤달,,,,,,
파티세리 율,,,,,,,
3월의 머무름,,,,,,,
오드비베이크샵,대전 유성구 원신흥남로42번길 19-12 1층,,,,,,
클로버 포 유,대전 서구 도산로253번길 45 1층,,,,,,
이케엔솜,대전 서구 갈마로 7-13 102호 이케엔솜,,,,,,
정동문화사,대전 동구 창조2길 11,휘낭시에,,,화~토 12:00~17:00,일·월,
오늘의빵집,대전 대덕구 덕암로195번길 2 1층,,,,,,
카페비포유,대전 서구 도산로 251 성보빌딩 1층,,,,,,
빵순상점,대전 서구 가장로 66 2층,,,,,,
블라썸케이크,대전 서구 도산로341번길 96 롯데드림빌 1층 블라썸케이크,,,,,,
역전빵,대전 동구 대전로 823-2,,,,,,
커피노리,대전 서구 둔산중로 38 둔산메트로존 105호,,,,,,
토우,대전 동구 대전로 771,,,,,,
마들렌과자점,대전 유성구 은구비서로23번길 9,애플파이·마티니,,,10:00~22:00,,
써틴브레드,대전 유성구 노은로 174,,,,,,
푸우딩,대전 중구 계룡로830번길 44 2층,,,,,,
이엘베이킹,대전 서구 계룡로 401 101호 이엘베이킹,,,,,,
언니네빵집,대전 동구 비래서로42번길 104 1층,,,,,,
안가네대추빵,대전 동구 동서대로1668번길 28 1층 안가네대추빵 대전점,,,,,,
팡파레과자점,대전 서구 계룡로407번길 6 1층,답례품 쿠키,,,매일 12:00~22:00,연중무휴,
리리컬디저트,,,,,,,
다인,대전 유성구 지족로349번길 28 1층,,,,,,
버터포인트,대전 중구 오류로 13-10 상가 108호,,,,,,
호두정,대전 중구 보문로 59 1층 103호,,,,,,
보보로베이커리,대전 대덕구 계족산로81번길 96,,,,,,
원두집,대전 서구 구봉산북로21번길 12,,,,,,
르뺑99-1,대전 유성구 온천북로33번길 22-3 101호,,,,,,
오픈오븐,대전 서구 갈마역로25번길 7 102호,,,,,,
콜마르브레드,대전 유성구 죽동로297번길 12(죽동본점),,,,08:00~22:00,,
손수베이커리,대전 서구 관저동로 42,,,,08:00~22:00,,
레시피,대전 대덕구 계족로489번길 84 1층,,,,,,
하레하레,대전 서구 둔산로 155(둔산본점),쌀하레치즈·마시멜로우속갸또,,,08:00~21:00,,
성심당,대전 중구 대종로480번길 15(은행동본점),튀김소보로·초코튀소·명란바게트,,,08:00~22:00(연장 가능),,
촉촉디저트 잼살롱,대전 중구 중앙로121번길 30 1층 촉촉디저트,,,,,,
쿠키랜드,대전 대덕구 계족산로43번길 51 1층 104호,,,,,,
달달보드레,대전 서구 복수남로 35 1층 달달보드레,,,,,,
몰랑몰랑베이커리,대전 서구 관저남로25번길 13,,,,,,
슬로우브레드,대전 유성구 관평2로 30 창조타운(관평점),,,,08:30~22:00,,
한스브레드,대전 유성구 월드컵대로316번길 17,크루아상식빵·크림단팥빵·소보루,,,,,크루아상 출시 9시·14시·19시
앙금엉금케이크,대전 서구 용소로43번길 17 은빌라 상가 1층,,,,,,
에코브레드하우스,대전 대덕구 비래서로 43 비래프라자,,,,,,
썸띵라이크,대전 서구 계룡로491번길 8 갤러리빌4차 107호,,,,,,
정인구팥빵,대전 서구 계룡로 670-1 1층(용문점),팥빵,,,08:00~23:00,,
이프리,,,,,,,
레서 케이커리,,,,,,,
작은숩과자집,대전 동구 성동로 17,,,,,,
캘리포니아베이커리,대전 서구 둔산남로91번길 13(둔산본점),,,,월~토 08:00~23:00/일 08:00~22:00,,
마마꿍,대전 중구 계백로1615번길 67 1층 마마꿍 유천본점,,,,,,
쿠피,대전 서구 원도안로241번길 14-31 1층,,,,,,
라드커피8호점,대전 유성구 궁동로14번길 26,,,,,,
카페메이데이,대전 유성구 반석동로40번길 78-22 1층,,,,,,
블루보이즈,대전 유성구 유성대로 789 1층 101호,,,,,,
굿베이커리,대전 동구 가양동 402번길 1 타임빌딩,쌀식빵·비건찰떡빵·올리브치즈치아바타,,,,,
스무하루,대전 서구 도마로25번길 21 1F 스무하루,,,,,,
길티쿠키,대전 서구 둔산중로72번길 32 1층 108-1호,쿠키,,,11:00~19:00,토·일,
페이머스,대전 서구 문정로112번안길 39 1층,,,,,,
브린,대전 서구 한밭대로656번길 20 1층 102호,,,,,,
모두비,대전 유성구 도안대로 511-13 110호,,,,,,
솜솜,,,,,,,
마이쿠키리스트,대전 유성구 복용동로 43 230호,,,,,,
라무킷도,대전 중구 보문로260번길 64 3층,,,,,,
쿠키벨리,대전 유성구 전민로10번길 21 1층,,,,,,
다다제과점,대전 중구 계백로 1691-10,구움과자·마카롱,,,11:00~20:00,화요일,
제피,대전 서구 신갈마로230번길 9 1층 103호,,,,,,
스윗투스,대전 유성구 죽동로279번길 69 101호 스윗투스,,,,,,
꿈1993,대전 동구 용운로 155 1층,,,,,,
점선면,대전 중구 부용로 44 점선면,,,,,,
싶빵공장,대전 서구 도안동로11번길 42 1층 107호,,,,,,
파이가든,대전 중구 중앙로 124 이화빌딩,파이,,,평일 12:00~19:30/주말 10:00~19:30,,
달지디저트카페,대전 서구 괴정로116번길 15 1층 101호,,,,,,
베이크어웨이,대전 서구 도안중로305번안길 7-33 1층 101호 베이크어웨이,,,,,,
미미제과점,대전 서구 갈마역로25번길 17-7 1층 상가,,,,,,
달케디저트,대전 서구 계룡로 558 1층 달케디저트카페,,,,,,
빵드슈,대전 서구 문정로170번길 7-9 제니빌 1층,,,,,,
노마드오븐,대전 중구 중교로 91-15 1층 101호,,,,,,
비비스 미트파이 오븐,대전 동구 계족로463번길 43 1층,,,,,,
다르코봉봉,대전 서구 원도안로 13-24 1층,,,,,,
당당베이커리,,,,,,,
꾸꾸,대전 서구 원도안로25번길 88 1층 108호,,,,,,
휘어(Hwier),,,,,,,
오프위고,대전 중구 대전천서로 461 2층,,,,,,
리피피,대전 유성구 신성남로95번길 21 1층 101호 리피피,,,,,,
조아유즈,대전 서구 용소로43번길 33 101호,,,,,,
두담브레드,대전 서구 둔산중로72번길 32 1층 102호,,,,,,
카페22도,대전 동구 동광장로 19-1 1층,,,,,,
엔티비알(NTBR),,,,,,,
늘구움,대전 대덕구 송촌북로20번길 13-20 1층 102호,,,,,,
