job_id,company,title,posted_at,deadline,status,job_category,is_intern,education,career_min_months,career_max_months,certificates,major,foreign_lang_test,foreign_lang_score,computer_skill
1,한국산업기술시험원,2026년 한국산업기술시험원 2분기 2차수 위촉계약직(사무/기술/기능직) 공개모집,2026.07.07,2026.07.22,진행중,공무기능,False,고졸,0,0,,전공무관,,,무관
2,한국산업기술시험원,2026년 한국산업기술시험원 2분기 2차수 위촉계약직(행정/연구직) 공개모집,2026.07.07,2026.07.22,진행중,연구전문,False,석사,36,72,,관련 전공(공고별 상이),TOEIC,650,필요
3,국립공원공단,[속리산] 속리산국립공원사무소 기간제(기마순찰-대체인력) 직원 채용,2026.07.07,2026.07.21,진행중,사무행정,False,학사,12,36,,전공무관,,,필요
4,한국보훈복지의료공단,[광주보훈병원] 계약직 기능직(간호조무사) 직원 채용 공고,2026.07.07,2026.07.17,진행중,의료보건,False,전문학사,36,60,방사선사,임상병리학과,,,무관
5,학교법인한국폴리텍,한국폴리텍대학 전남캠퍼스 업무직(조리원) 공개 채용(2차) 공고,2026.07.07,2026.07.19,진행중,공무기능,False,학력무관,0,0,,전공무관,,,무관
6,한국보훈복지의료공단,[인천보훈병원] 2026년 정규직 간호직(간호사) 공개채용 ,2026.07.07,2026.07.21,진행중,의료보건,False,전문학사,0,0,"간호사,물리치료사",보건행정학과,,,무관
7,한국수자원공사,[한국수자원공사] 대산산업용수관리단 대산해수담수센터 단기계약근로자(전기안전관리자) 채용 공고,2026.07.07,2026.07.21,진행중,기술설비,False,고졸,0,0,전기기사,전공무관,,,무관
8,한국수자원공사,[한국수자원공사] 청주권지사 단기계약근로자(국유재산 관리) 채용 공고(장애인 제한채용),2026.07.07,2026.07.21,진행중,기술설비,False,전문학사,36,60,정보통신기사,전기공학과,,,필요
9,국립공원공단,[한려해상]2026년 기간제 직원(자원보전) 채용 공고,2026.07.07,2026.07.21,진행중,기타,False,전문학사,0,0,,전공무관,,,무관
10,한국보훈복지의료공단,[광주보훈요양원] 계약직 요양보호직(휴직대체_재공고) 직원 채용 공고,2026.07.07,2026.07.21,진행중,의료보건,False,학사,12,36,"응급구조사,간호사",간호학과,,,무관
11,주택관리공단(주),채용형 인턴 채용공고(주택관리공단 인천지사),2026.07.07,2026.07.14,진행중,사무행정,True,학력무관,0,12,,전공무관,,,무관
12,국립공원공단,[내장산] 2026년 내장산국립공원사무소 기간제(환경관리) 직원 채용 공고,2026.07.07,2026.07.21,진행중,기술설비,False,학사,12,36,정보통신기사,전공무관,,,무관
13,한국보훈복지의료공단,[전주보훈요양원] 간호사(육아휴직 대체 계약직) 보훈특별고용 공고,2026.07.07,2026.07.22,진행중,의료보건,False,석사,0,0,"물리치료사,방사선사",간호학과,,,무관
14,한국수자원공사,[한국수자원공사] 광주수도지사 특수직(수탁운영_지방상수도 시설운영) 채용 공고,2026.07.07,2026.07.21,진행중,기술설비,False,고졸,12,36,산업안전기사,전공무관,,,무관
15,한국소비자원,2026년 8월 일용직 채용 공고,2026.07.07,2026.07.22,진행중,기타,False,학사,0,0,,전공무관,,,무관
16,근로복지공단,[정선병원] 기간제 의사(응급실) 채용 공고,2026.07.07,2026.07.14,진행중,의료보건,False,학사,0,0,방사선사,간호학과,,,무관
17,근로복지공단,[정선병원] 기간제(약사) 채용 공고,2026.07.07,2026.07.14,진행중,의료보건,False,전문학사,12,36,"응급구조사,요양보호사",보건행정학과,,,무관
18,근로복지공단,[창원병원] 별정직 의사(정형외과) 채용 공고,2026.07.07,2026.07.20,진행중,의료보건,False,학사,12,36,간호사,물리치료학과,OPIc,700,무관
19,국립공원공단,[북부지역본부] 2026년 3분기 북부권역 공무직(탐방시설) 직원 추가 채용,2026.07.07,2026.07.21,진행중,기술설비,False,전문학사,12,36,전기기사,전공무관,,,필요
20,주택관리공단(주),체험형 인턴 채용공고(주택관리공단 본사_ 장애인),2026.07.07,2026.07.21,진행중,사무행정,True,학사,0,12,,전공무관,,,무관
21,한전KDN,한전KDN 광주전남본부 배전분야 비정규직 모집공고,2026.07.07,2026.07.22,진행중,공무기능,False,전문학사,12,24,,전공무관,,,무관
22,전쟁기념사업회,전쟁기념사업회 사무총장 채용 공고,2026.07.07,2026.07.21,진행중,사무행정,False,학사,0,0,,전공무관,,,필요
23,KDI국제정책대학원,[KDI국제정책대학원] 2026년 제5차 직원 채용(공무직(미화_ 안내)),2026.07.07,2026.07.22,진행중,공무기능,False,학력무관,0,0,,전공무관,,,무관
24,한국수자원공사,[한국수자원공사] 홍보실 기간제근로자(사무관리_전문사무(콘텐츠관리)) 채용 공고(육아휴직 대체인력),2026.07.07,2026.07.21,진행중,사무행정,False,전문학사,0,0,컴퓨터활용능력 1급,행정학과,,,필요
25,한국수자원공사,[한국수자원공사] 수자원위성연구소 특수직(기술관리_전문기술) 채용 공고,2026.07.07,2026.07.21,진행중,사무행정,False,학력무관,12,36,,전공무관,,,필요
26,산업연구원,2026년 제10차 위촉직원 채용공고,2026.07.07,2026.07.22,진행중,기타,False,학력무관,0,0,,전공무관,,,무관
27,한국한의학연구원,2026년 1차 장애인 인턴행정원 제한경쟁 선발 공고,2026.07.07,2026.07.16,진행중,사무행정,False,학사,12,36,,행정학과,,,무관
28,국립공원공단,[주왕산] 2026년 주왕산 국립공원지킴이 4차 모집 공고,2026.07.07,2026.07.17,진행중,공무기능,False,학력무관,0,0,,전공무관,,,무관
29,서울올림픽기념국민체육진흥공단,2026년 국가대표 현장밀착형 스포츠과학지원사업 3차 분석연구원 채용공고,2026.07.07,2026.07.22,진행중,연구전문,False,석사,36,72,,관련 전공(공고별 상이),TOEIC,600,무관
30,한국수자원공사,[한국수자원공사] 예천수도지사 특수직(수탁운영_지방상수도 고객관리) 채용 공고,2026.07.07,2026.07.21,진행중,사무행정,False,학력무관,0,0,,행정학과,,,필요
31,(재)한국통계진흥원,2026년 제7차 한국통계진흥원 직원 채용 공고,2026.07.07,2026.07.21,진행중,기타,False,학력무관,0,0,,전공무관,,,무관
32,한국수자원공사,[한국수자원공사] 예천수도지사 특수직(수탁운영_지방상수도 시설운영) 채용 공고,2026.07.07,2026.07.21,진행중,기술설비,False,전문학사,12,36,,전공무관,,,무관
33,한국수자원공사,[한국수자원공사] 경북지역협력단 김천2현대화사업팀 특수직(사무관리_건설사업) 채용 공고,2026.07.07,2026.07.21,진행중,사무행정,False,전문학사,0,0,컴퓨터활용능력 2급,전공무관,TOEFL,800,무관
34,한국수자원공사,[한국수자원공사] 경북지역협력단 김천2현대화사업팀 특수직(기술관리_건설사업) 채용 공고,2026.07.07,2026.07.21,진행중,사무행정,False,학사,0,0,,전공무관,TOEIC,650,필요
35,창업진흥원,2026년 제2차 신규직원 채용 공고(공무직),2026.07.06,2026.07.20,진행중,공무기능,False,전문학사,0,0,,전공무관,,,무관
36,창업진흥원,2026년 제2차 신규직원 채용 공고(일반행정),2026.07.06,2026.07.20,진행중,사무행정,False,학사,12,36,전산회계,행정학과,OPIc,750,필요
37,공무원연금공단,자금운용 전문계약직(해외투자팀장) 채용 공고,2026.07.06,2026.07.20,진행중,기타,False,전문학사,0,0,,전공무관,,,무관
38,강원대학교병원,2026-34 의사직 수시 채용 공고,2026.07.06,2026.09.30,진행중,의료보건,False,석사,0,0,약사,전공무관,,,무관
39,한국보훈복지의료공단,[중앙보훈병원] 업무지원직 직원 채용 공고(7월),2026.07.06,2026.07.20,진행중,기타,False,학력무관,36,60,,전공무관,,,무관
40,한국보훈복지의료공단,[중앙보훈병원] 기간제 직원 채용 공고(7월),2026.07.06,2026.07.20,진행중,기타,False,학사,12,36,,전공무관,OPIc,600,무관
41,한국부동산원,한국부동산원 전문계약직 채용 공고,2026.07.06,2026.07.22,진행중,기타,False,학력무관,0,0,,전공무관,,,무관
42,국립공원공단,[다도해서부] 다도해해상국립공원서부사무소 기간제[한시인력(탐방안전)] 직원 채용,2026.07.06,2026.07.10,진행중,기술설비,False,전문학사,12,36,,건축공학과,,,무관
43,국립공원공단,[국립공원연구원] 2026년 국립공원연구원 국립공원지킴이(녹색순찰대) 모집 공고,2026.07.06,2026.07.20,진행중,연구전문,False,박사,0,0,,관련 전공(공고별 상이),OPIc,650,무관
44,충북대학교병원,2026년도 제4차 충북대학교병원 신규직원 블라인드 채용 공고,2026.07.06,2026.07.20,진행중,사무행정,False,전문학사,12,36,,전공무관,TOEIC,650,무관
45,국방기술진흥연구소,국방기술진흥연구소 2026년 채용형인턴 모집 공고,2026.07.06,2026.07.20,진행중,기타,False,학사,12,36,,전공무관,,,필요
46,강원대학교치과병원,계약직(간호사) 모집 공고,2026.07.06,2026.07.16,진행중,의료보건,False,전문학사,36,60,"약사,임상병리사",전공무관,,,무관
47,강원대학교치과병원,계약직(치과위생사) 모집 공고,2026.07.06,2026.07.16,진행중,의료보건,False,학사,36,60,,전공무관,,,무관
48,근로복지공단,[근로복지공단] 연구직(전임연구원) 채용 공고,2026.07.06,2026.07.20,진행중,연구전문,False,학사,36,72,,관련 전공(공고별 상이),OPIc,750,무관
49,한국보훈복지의료공단,[원주보훈요양원] 2026년 제3차 요양보호직 공개채용 ,2026.07.06,2026.07.21,진행중,의료보건,False,학사,36,60,간호사,간호학과,,,무관
50,한국장애인개발원,[제2026-79호]2026년도 제4차 제주특별자치도장애아동·발달장애인지원센터(장애아동지원팀_ 권익옹호팀) 기간제 계약직 채용 공고,2026.07.06,2026.07.21,진행중,상담복지,False,학사,0,0,사회복지사 1급,아동학과,,,무관
51,학교법인한국폴리텍,한국폴리텍대학 항공캠퍼스 대학운영직(조리원) 3차 공개채용 공고,2026.07.06,2026.07.15,진행중,공무기능,False,고졸,24,48,,전공무관,,,무관
52,한국수자원공사,[한국수자원공사] 금강유역협력단 세종현대화사업팀 특수직(기술관리_건설사업) 채용 공고,2026.07.06,2026.07.20,진행중,사무행정,False,학력무관,12,36,,행정학과,OPIc,600,필요
53,한국수자원공사,[한국수자원공사] 금강유역협력단 옥천현대화사업팀 특수직(기술관리_건설사업) 채용 공고,2026.07.06,2026.07.20,진행중,사무행정,False,학사,12,36,컴퓨터활용능력 2급,전공무관,,,필요
54,한국수자원공사,[한국수자원공사] 금강유역협력단 예산현대화사업팀 특수직(기술관리_건설사업) 채용 공고,2026.07.06,2026.07.20,진행중,사무행정,False,학사,0,0,,전공무관,,,무관
55,한국수자원공사,[한국수자원공사] 금강유역협력단 홍성현대화사업팀 특수직(기술관리_건설사업) 채용 공고,2026.07.06,2026.07.20,진행중,사무행정,False,학사,0,0,전산회계,전공무관,,,필요
56,한국발명진흥회,2026년 한국발명진흥회 정규직(6급 채용형 인턴) 채용,2026.07.06,2026.07.21,진행중,기타,True,학사,0,0,,전공무관,,,무관
57,한국수자원공사,[한국수자원공사] 인재개발원 단기계약근로자(사무관리_사무보조) (장애인 제한),2026.07.06,2026.07.20,진행중,기술설비,False,학사,12,36,토목기사,전공무관,,,무관
58,경북대학교치과병원,제6차 산업혁신기반구축사업 연구원(계약직) 채용,2026.07.06,2026.07.24,진행중,연구전문,False,학사,12,36,,관련 전공(공고별 상이),OPIc,750,무관
59,한국수자원공사,[한국수자원공사] 제주지역협력본부 특수직(사무관리_서무보조) 채용 공고,2026.07.06,2026.07.20,진행중,사무행정,False,학사,12,36,,전공무관,,,무관
60,한국수자원공사,[한국수자원공사] 제주지역협력본부 특수직(건설사업_사무관리_동지역 제주시) 채용 공고,2026.07.06,2026.07.20,진행중,사무행정,False,전문학사,12,36,,경영학과,,,필요
61,한국수자원공사,[한국수자원공사] 제주지역협력본부 특수직(건설사업_기술관리_한한대안) 채용 공고,2026.07.06,2026.07.20,진행중,사무행정,False,전문학사,0,0,컴퓨터활용능력 2급,전공무관,,,무관
62,한국수자원공사,[한국수자원공사] 제주지역협력본부 특수직(건설사업_기술관리_사라) 채용 공고,2026.07.06,2026.07.20,진행중,사무행정,False,학사,0,0,컴퓨터활용능력 2급,전공무관,,,무관
63,동남권원자력의학원,[직원채용] 별정직 간호직(내과 전담 간호사/휴직대체) 공개 채용,2026.07.06,2026.07.20,진행중,의료보건,False,학사,0,0,방사선사,임상병리학과,,,필요
64,한국수자원공사,[한국수자원공사] 제주지역협력본부 특수직(건설사업_기술관리_서귀포시 동지역) 채용 공고,2026.07.06,2026.07.20,진행중,사무행정,False,전문학사,0,0,,전공무관,,,무관
65,한국수자원공사,[한국수자원공사] 제주지역협력본부 특수직(건설사업_기술관리_ 제주시 동지역) 채용 공고,2026.07.06,2026.07.20,진행중,사무행정,False,학사,36,60,,전공무관,,,필요
66,한국수자원공사,[한국수자원공사] 제주지역협력본부 특수직(건설사업_기술관리_구좌) 채용 공고,2026.07.06,2026.07.20,진행중,사무행정,False,전문학사,36,60,,전공무관,,,필요
67,한국수자원공사,[한국수자원공사] 제주지역협력본부 특수직(건설사업_기술관리_동홍) 채용 공고,2026.07.06,2026.07.20,진행중,사무행정,False,학사,0,0,전산회계,행정학과,,,무관
68,한국수자원공사,[한국수자원공사] 제주지역협력본부 특수직(건설사업_기술관리_표선) 채용 공고,2026.07.06,2026.07.20,진행중,사무행정,False,전문학사,0,0,,전공무관,TOEFL,700,무관
69,한전KDN,한전KDN(주) 충북사업처 OA설비 유지보수 현장근로자 모집공고,2026.07.06,2026.07.20,진행중,기술설비,False,전문학사,0,0,"산업안전기사,전기기사",전공무관,,,무관
70,한국환경연구원,[한국환경연구원] 임시직(연안해양환경) 채용 공고(0706),2026.07.06,2026.07.21,진행중,연구전문,False,학사,12,36,,전공무관,,,무관
71,국립공원공단,[지리산전남] 여름성수기 기간제(수익시설 1차) 직원 채용 공고,2026.07.06,2026.07.13,진행중,기술설비,False,전문학사,36,60,기계정비산업기사,건축공학과,,,필요
72,국립공원공단,[치악산] 2026년 치악산국립공원 기간제(한시인력-수익시설) 직원 채용,2026.07.06,2026.07.10,진행중,기술설비,False,전문학사,12,36,토목기사,전공무관,,,무관
73,한국장애인고용공단,[한국장애인고용공단 대구지역본부] 대체근로자(체험형 청년인턴) 채용 공고,2026.07.06,2026.07.15,진행중,기타,True,학사,0,0,,전공무관,,,무관
74,한국건강증진개발원,한국건강증진개발원 2026년 제4차 위촉전문원 채용 공고,2026.07.06,2026.07.20,진행중,연구전문,False,석사,36,72,,관련 전공(공고별 상이),,,필요
75,국립공원공단,[덕유산] 덕유산국립공원 여름성수기 한시인력(수익시설) 직원 채용 공고,2026.07.06,2026.07.10,진행중,기술설비,False,전문학사,36,60,토목기사,전기공학과,,,무관
76,한국주택금융공사,2026년도 하반기 체험형 인턴 채용공고,2026.07.06,2026.07.21,진행중,기타,True,학력무관,0,12,,전공무관,,,무관
77,부산대학교병원,권역호흡기전문질환센터 예방의학과 전문의 모집,2026.07.06,2026.07.21,진행중,의료보건,False,석사,0,0,응급구조사,임상병리학과,,,무관
78,국립공원공단,[변산반도]2026년 변산반도국립공원 기간제(탐방안전_한시인력) 직원 채용공고,2026.07.06,2026.07.10,진행중,기술설비,False,고졸,36,60,건축기사,전기공학과,,,필요
79,한국수자원공사,[한국수자원공사] 청송권지사 특수직(수탁운영_하수도시설운영) 채용 공고,2026.07.06,2026.07.20,진행중,기술설비,False,전문학사,12,36,,전공무관,,,무관
80,국립공원공단,[변산반도]2026년 변산반도국립공원 기간제(수익시설_한시인력) 직원 채용공고,2026.07.06,2026.07.10,진행중,기술설비,False,학력무관,0,0,"기계정비산업기사,전기기사",전공무관,,,무관
81,정보통신정책연구원,2026년 계약직연구원 공개채용(방송미디어 국제협력),2026.07.06,2026.07.21,진행중,연구전문,False,박사,36,72,,관련 전공(공고별 상이),TOEFL,700,필요
82,한국환경공단,한국환경공단 광주전남제주환경본부 환경시설관리처 기간제근로자(촉탁직_ 기계직렬) 채용,2026.07.06,2026.07.20,진행중,기술설비,False,학사,0,0,토목기사,전공무관,,,무관
83,국립중앙의료원,계약직 주차(총무팀) 채용 공고,2026.07.03,2026.07.20,진행중,사무행정,False,학사,0,0,,전공무관,,,무관
84,국립중앙의료원,계약직 연구원(책임의료기관지원팀) 채용 공고,2026.07.03,2026.07.20,진행중,연구전문,False,석사,12,36,,관련 전공(공고별 상이),TOEIC Speaking,600,필요
85,국립중앙의료원,계약직 연구원-휴직대체(지역의료교육팀) 채용 공고,2026.07.03,2026.07.20,진행중,연구전문,False,석사,36,72,,관련 전공(공고별 상이),TOEFL,700,필요
86,국립중앙의료원,계약직 연구원(지역의료교육팀) 채용 공고,2026.07.03,2026.07.20,진행중,연구전문,False,학사,36,72,,관련 전공(공고별 상이),,,무관
87,국립중앙의료원,계약직 간호사_사회복지사_임상심리사-휴직대체(중앙난임임산부심리상담센터) 채용 공고,2026.07.03,2026.07.20,진행중,의료보건,False,전문학사,0,0,임상병리사,전공무관,,,무관
88,국립중앙의료원,계약직 전산행정(정보운영팀) 채용 공고,2026.07.03,2026.07.20,진행중,IT전산,False,학사,0,0,SQLD,전공무관,,,필요
89,국립중앙의료원,계약직 연구원(의료임상교육팀) 채용 공고,2026.07.03,2026.07.20,진행중,연구전문,False,학사,36,72,,관련 전공(공고별 상이),,,필요
90,국립중앙의료원,계약직 단시간근로자-간호조무사(소화기내과-내시경실) 채용 공고,2026.07.03,2026.07.20,진행중,의료보건,False,전문학사,0,0,물리치료사,전공무관,,,무관
91,국립중앙의료원,계약직 연구원(소아청소년과) 채용 공고,2026.07.03,2026.07.20,진행중,연구전문,False,석사,0,0,,관련 전공(공고별 상이),,,무관
92,국립중앙의료원,계약직 간호사-휴직대체(보험심사팀) 채용 공고,2026.07.03,2026.07.20,진행중,의료보건,False,전문학사,0,0,임상병리사,간호학과,,,무관
93,국립중앙의료원,계약직 연구원(모자의료지원팀) 채용 공고,2026.07.03,2026.07.20,진행중,연구전문,False,학사,36,72,,관련 전공(공고별 상이),,,무관
94,국립중앙의료원,계약직 연구원-휴직대체(공공의료사업지원팀) 채용 공고,2026.07.03,2026.07.20,진행중,연구전문,False,석사,0,0,,관련 전공(공고별 상이),TOEIC,750,무관
95,국립중앙의료원,계약직 연구원(감염병연구기획팀) 채용 공고,2026.07.03,2026.07.20,진행중,연구전문,False,석사,12,36,,관련 전공(공고별 상이),TOEIC Speaking,600,무관
96,국립중앙의료원,계약직 연구원(감염병사업지원팀) 채용 공고,2026.07.03,2026.07.20,진행중,연구전문,False,석사,12,36,,관련 전공(공고별 상이),,,무관
97,국립중앙의료원,계약직 병동지원(간호부-순환기내과) 채용 공고,2026.07.03,2026.07.20,진행중,의료보건,False,학사,36,60,물리치료사,전공무관,TOEIC Speaking,650,무관
98,국립중앙의료원,연구직 일반연구원(데이터기반정책연구팀) 채용 공고,2026.07.03,2026.07.20,진행중,IT전산,False,전문학사,0,0,,소프트웨어학과,,,필요
99,한국보훈복지의료공단,[대구보훈병원] (긴급) 정규직 업무지원직(급식_ 청소)_ 계약직 보건직(임상병리사)_ 기능직(행정)_ 업무지원직(급식) 채용 공고,2026.07.03,2026.07.13,진행중,의료보건,False,전문학사,0,0,방사선사,임상병리학과,,,무관
100,국립공원공단,[소백산] 소백산사무소 기간제(수익시설) 직원 채용,2026.07.03,2026.07.08,진행중,기술설비,False,학사,12,36,,기계공학과,,,무관
101,한국보훈복지의료공단, [중앙보훈병원] 정형외과 전문의 채용 공고,2026.07.03,2026.07.17,진행중,의료보건,False,학사,0,0,요양보호사,전공무관,,,무관
102,한국보훈복지의료공단,[중앙보훈병원] 이비인후과 전문의 채용 공고,2026.07.03,2026.07.17,진행중,의료보건,False,학사,0,0,물리치료사,간호학과,,,무관
103,한국보훈복지의료공단,[중앙보훈병원] 내과 전문의(응급의료센터) 채용 공고,2026.07.03,2026.07.17,진행중,의료보건,False,학사,12,36,요양보호사,전공무관,,,무관
104,(재)우체국물류지원단,우체국물류지원단 경인지사 고양덕양우체국 기간제(소포직) 채용 공고,2026.07.03,2026.07.09,진행중,기타,False,학사,12,36,,전공무관,,,필요
105,대한적십자사,대전세종충남혈액원 비정규직 육아휴직 대체 임상병리사 채용 공고,2026.07.03,2026.07.19,진행중,의료보건,False,학사,0,0,"임상병리사,물리치료사",물리치료학과,,,무관
106,한국보훈복지의료공단,[광주보훈병원] 정규직-무기계약직 업무지원직(고객지원_ 시설지원_ 급식) 직원 채용 공고,2026.07.03,2026.07.13,진행중,기술설비,False,전문학사,0,0,토목기사,전공무관,,,무관
107,경북대학교병원,2026년 6월 제3차 임시직원 모집 공고(시설기술(설비)_ 별정(약물분석연구원)_ 행정_ 간호),2026.07.03,2026.07.08,진행중,의료보건,False,학사,12,36,약사,물리치료학과,,,무관
108,한국법무보호복지공단,2026년 한국법무보호복지공단 경남서부지소 심리상담직(육아휴직대체직) 경력경쟁채용시험 공고,2026.07.03,2026.07.24,진행중,상담복지,False,전문학사,36,60,장애인재활상담사,전공무관,,,무관
109,한국보훈복지의료공단,[광주보훈병원] 계약직 약무직(약사) - 휴직대체 직원 채용 공고,2026.07.03,2026.07.13,진행중,의료보건,False,전문학사,0,0,요양보호사,간호학과,,,무관
110,국립공원공단,[내장산백암] 내장산국립공원백암사무소 기간제(수익시설) 채용 공고,2026.07.03,2026.07.17,진행중,기술설비,False,전문학사,0,0,전기기사,전기공학과,,,필요
111,한국장애인개발원,[제2026-77호] 2026년 제5차 경상북도장애아동·발달장애인지원센터 (장애아동지원팀) 기간제 계약직 채용 공고,2026.07.03,2026.07.20,진행중,상담복지,False,학사,0,0,,심리학과,,,무관
112,한전KDN,한전KDN(주) 부산본부 26년 AMI 통신망 보강공사 작업원 모집공고,2026.07.03,2026.07.18,진행중,공무기능,False,학력무관,0,0,운전면허 1종,전공무관,,,무관
113,국립공원공단,[내장산백암] 내장산국립공원백암사무소 기간제(환경관리_한시인력) 채용 공고,2026.07.03,2026.07.08,진행중,기술설비,False,학사,0,0,,건축공학과,,,무관
114,국토교통과학기술진흥원,2026년 제2차 인재채용[NCS기반 능력중심 블라인드 채용] 공고,2026.07.03,2026.07.20,진행중,기타,False,학력무관,12,36,,전공무관,,,무관
115,한국수자원공사,[한국수자원공사] 설계처 단기계약근로자(기술관리_전문기술) 채용 공고(육아휴직 대체인력),2026.07.03,2026.07.17,진행중,기술설비,False,고졸,12,36,산업안전기사,건축공학과,,,무관
116,대한법률구조공단,대한법률구조공단 소속 변호사 라급(직무급 연봉제) 신규 채용 공고,2026.07.03,2026.07.21,진행중,기타,False,학력무관,0,0,,전공무관,,,무관
117,한전KDN,한전KDN(주) 용인지사 일용근로자 모집공고,2026.07.03,2026.07.17,진행중,기타,False,학력무관,0,0,,전공무관,,,무관
118,주택관리공단(주),채용형 인턴 채용공고(주택관리공단 대전충남지사),2026.07.03,2026.07.10,진행중,사무행정,True,학사,0,0,,전공무관,,,무관
119,주택관리공단(주),체험형 인턴 채용공고(주택관리공단 강원지사),2026.07.03,2026.07.10,진행중,사무행정,True,학사,0,0,,전공무관,,,무관
120,주택관리공단(주),채용형 인턴 채용공고(주택관리공단 경기북부지사),2026.07.03,2026.07.10,진행중,사무행정,True,학력무관,0,0,,전공무관,,,무관
121,주택관리공단(주),채용형 인턴 채용공고(주택관리공단 경기북부지사),2026.07.03,2026.07.10,진행중,사무행정,True,전문학사,0,0,,전공무관,,,무관
122,학교법인한국폴리텍,한국폴리텍대학 익산캠퍼스 청년인턴(일반) 채용 공고,2026.07.03,2026.07.14,진행중,기타,True,고졸,0,12,,전공무관,,,무관
123,한국보훈복지의료공단,[김해보훈요양원] 2026년 5차 정규직 요양보호직 채용공고,2026.07.03,2026.07.20,진행중,의료보건,False,학사,12,36,요양보호사,전공무관,,,무관
124,국립중앙의료원,업무지원직 청소(시설팀) 채용 공고,2026.07.03,2026.07.20,진행중,기술설비,False,전문학사,0,0,"토목기사,기계정비산업기사",전공무관,,,필요
125,한국수목원정원관리원,국립세종수목원 2026년 제3차 기간제근로자 채용 공고,2026.07.03,2026.07.18,진행중,기타,False,전문학사,0,0,,전공무관,,,필요
126,한국여성과학기술인육성재단,2026년 제3차 행정직 채용 공고,2026.07.03,2026.07.19,진행중,사무행정,False,학사,12,36,,경영학과,,,필요
127,(주)한국가스기술공사,서울지사 기간제 계약직(육아휴직 대체인력) 채용 공고,2026.07.03,2026.07.17,진행중,기타,False,전문학사,0,0,,전공무관,,,무관
128,근로복지공단,[안산지사] 기간제(사무원) 채용 공고,2026.07.03,2026.07.10,진행중,사무행정,False,학사,0,0,,전공무관,,,필요
129,근로복지공단,[서울서부지사] 기간제(근로자정보조사원) 채용 공고,2026.07.03,2026.07.14,진행중,기타,False,고졸,0,0,,전공무관,,,무관
130,한국인터넷진흥원,2026년 한국인터넷진흥원 기간제 근로자 3차 채용 공고(전문연구직_ 연구지원직),2026.07.03,2026.07.20,진행중,연구전문,False,학사,36,72,,관련 전공(공고별 상이),,,필요
131,국립중앙의료원,무기계약직 간호조무사(간호부) 채용 공고,2026.07.03,2026.07.20,진행중,의료보건,False,학사,0,0,물리치료사,약학과,TOEFL,700,필요
132,국립중앙의료원,계약직 단시간근로자-장애인(진단검사의학과)채용 공고,2026.07.03,2026.07.20,진행중,기타,False,학사,12,36,,전공무관,,,무관
133,충북대학교병원,2026년 2차 충북대학교병원 장애인 근로자(기간제근무자) 모집 공고,2026.07.03,2026.07.17,진행중,기타,False,전문학사,36,60,,전공무관,,,무관
134,국립중앙의료원,무기계약직 행정(약물안전센터) 채용 공고,2026.07.03,2026.07.20,진행중,기술설비,False,전문학사,36,60,건축기사,전공무관,,,무관
135,충북대학교병원,2026년 7월 충북대학교병원 기간제근무자 모집 공고,2026.07.03,2026.07.17,진행중,기타,False,학사,12,36,,전공무관,,,무관
136,한국보훈복지의료공단,[부산보훈병원] 계약직(업무지원직-약무보조) 긴급채용공고,2026.07.03,2026.07.13,진행중,의료보건,False,전문학사,0,0,간호사,전공무관,,,무관
137,국립중앙의료원,간호직 6급 간호사(간호부-외상중환자실) 채용 공고,2026.07.03,2026.07.20,진행중,의료보건,False,전문학사,12,36,,보건행정학과,,,무관
138,한국중부발전(주),2026년도 제2차 4직급 신입직원 채용공고,2026.07.03,2026.07.22,진행중,기타,False,학력무관,36,60,,전공무관,,,무관
139,한국공예디자인문화진흥원,한국공예디자인문화진흥원 직원(정규직_ 계약직-제한경쟁) 채용공고(2026-004),2026.07.02,2026.07.23,진행중,기타,False,전문학사,0,0,,전공무관,,,무관
140,한국장애인고용공단,[한국장애인고용공단 경남서부지사] 기간제 근로자 채용 공고,2026.07.02,2026.07.09,진행중,기타,False,학력무관,36,60,,전공무관,,,무관
141,국립공원공단,[오대산] 2026년 기간제(국립공원지킴이(녹색순찰대) 직원 채용(4차),2026.07.02,2026.07.16,진행중,공무기능,False,전문학사,24,48,,전공무관,,,무관
142,한국장애인고용공단,[한국장애인고용공단 경남동부지사] 기간제 근로자 채용 공고,2026.07.02,2026.07.09,진행중,기타,False,학력무관,12,36,,전공무관,,,무관
143,한국장애인고용공단,[한국장애인고용공단 울산지사] 기간제 근로자 채용 공고,2026.07.02,2026.07.09,진행중,기타,False,전문학사,12,36,,전공무관,,,무관
144,한국장애인고용공단,[한국장애인고용공단 부산지역본부] 기간제 근로자 채용 공고,2026.07.02,2026.07.09,진행중,기타,False,학력무관,0,0,,전공무관,OPIc,800,무관
145,전남대학교병원,2026년 7월 전남대학교병원 직원(대체근로자) 공개채용 공고,2026.07.02,2026.07.09,진행중,기타,False,학력무관,36,60,,전공무관,,,무관
146,대한적십자사,서울적십자병원 계약직 기능직(장애인제한경쟁) 신규채용 공고,2026.07.02,2026.07.18,진행중,공무기능,False,학력무관,0,0,,전공무관,,,무관
147,대한적십자사,서울적십자병원 정규직 간호조무사 신규채용 공고,2026.07.02,2026.07.18,진행중,의료보건,False,전문학사,36,60,요양보호사,전공무관,,,무관
148,경북대학교치과병원,2026년 제3차 신규직원(원무직) 채용 공고,2026.07.02,2026.07.16,진행중,사무행정,False,학사,12,36,,전공무관,,,무관
149,대한적십자사,서울적십자병원 계약직 조리원 신규채용 공고,2026.07.02,2026.07.18,진행중,공무기능,False,전문학사,0,0,,전공무관,,,무관
150,대한적십자사,서울적십자병원 정규직 조리원 신규채용 공고,2026.07.02,2026.07.18,진행중,공무기능,False,학력무관,0,0,,전공무관,,,무관
151,대한적십자사,서울적십자병원 계약직 응급구조사 신규채용 공고,2026.07.02,2026.07.18,진행중,의료보건,False,학사,0,0,"응급구조사,방사선사",임상병리학과,,,무관
152,대한적십자사,서울적십자병원 계약직 간호사(내과전담) 신규채용 공고,2026.07.02,2026.07.18,진행중,의료보건,False,전문학사,12,36,물리치료사,보건행정학과,,,무관
153,충남대학교병원,[대전] 2026년 7월 충남대학교병원 원무직(취사)_ 업무지원직(보조원) 공개채용 공고,2026.07.02,2026.07.16,진행중,사무행정,False,학력무관,0,0,"컴퓨터활용능력 2급,컴퓨터활용능력 1급",전공무관,TOEIC Speaking,800,필요
154,국립공원공단,[월악산] 2026년 월악산국립공원사무소 한시인력(국립공원지킴이) 직원 2차 채용,2026.07.02,2026.07.13,진행중,공무기능,False,학력무관,0,0,조리사,전공무관,,,필요
155,충남대학교병원,[대전] 2026년 7월 계약직(장애인) 수납안내_ 외곽청소_ 주차통제 채용공고,2026.07.02,2026.07.16,진행중,공무기능,False,학력무관,0,0,,전공무관,,,무관
156,국립중앙의료원,의사직 및 계약직 전문의 채용 공고(정신건강의학과_ 소아청소년과_ 모자의료전원전담팀),2026.07.02,2026.07.17,진행중,의료보건,False,학사,0,0,임상병리사,전공무관,OPIc,750,무관
157,학교법인한국폴리텍,한국폴리텍대학 남인천캠퍼스 업무직(대학운영직-조리원) 채용 4차 공고 ,2026.07.02,2026.07.20,진행중,공무기능,False,학력무관,24,48,,전공무관,,,무관
158,국립공원공단,[지리산생태탐방원] 2026년 지리산생태탐방원 국립공원지킴이 모집(4차) 공고,2026.07.02,2026.07.14,진행중,공무기능,False,고졸,0,0,,전공무관,,,무관
159,대외경제정책연구원,대외경제정책연구원(KIEP) 임시직 연구원급 채용공고 (APEC연구컨소시엄사무국),2026.07.02,2026.07.16,진행중,연구전문,False,학사,12,36,,관련 전공(공고별 상이),,,무관
160,국립중앙의료원,계약직 전문의 채용 재공고(감염병병원설립기획팀),2026.07.02,2026.07.13,진행중,의료보건,False,전문학사,12,36,간호사,전공무관,,,무관
161,선박해양플랜트연구소,2026년 상반기 체험형 청년인턴(인턴행정원) 공개채용,2026.07.02,2026.07.20,진행중,사무행정,True,학사,0,0,,전공무관,,,무관
162,선박해양플랜트연구소,계약직연구원(육아휴직 대체인력) 공개채용,2026.07.02,2026.07.20,진행중,연구전문,False,석사,0,0,,관련 전공(공고별 상이),,,필요
163,국립공원공단,[가야산생태탐방원] 2026년 가야산생태탐방원 국립공원지킴이-6차 채용,2026.07.02,2026.07.13,진행중,공무기능,False,전문학사,0,0,,전공무관,,,무관
164,한국원자력의학원,한국원자력의학원 별정직 정기공개채용 (제2026-4기),2026.07.02,2026.07.17,진행중,기타,False,전문학사,36,60,,전공무관,,,무관
165,선박해양플랜트연구소,2026년 상반기 비정규직(연수연구원_ 계약직연구(기능)원) 공개채용,2026.07.02,2026.07.20,진행중,연구전문,False,석사,12,36,,관련 전공(공고별 상이),,,무관
166,서울대학교치과병원,서울대학교치과병원 기간제근무자(보건직_ 간호직) 채용 공고,2026.07.02,2026.07.16,진행중,의료보건,False,학사,36,60,약사,보건행정학과,,,무관
167,서울대학교치과병원,서울대학교치과병원 기간제근무자(병동간호조무사) 채용 공고,2026.07.02,2026.07.16,진행중,의료보건,False,학사,36,60,간호사,전공무관,,,무관
168,주택관리공단(주),체험형 인턴 채용공고(주택관리공단 강원지사),2026.07.02,2026.07.09,진행중,사무행정,True,학사,0,12,,전공무관,,,무관
169,한국산업단지공단,개방형 계약직(M.AX표준·인증센터장) 채용 공고,2026.07.02,2026.07.17,진행중,기타,False,학사,36,60,,전공무관,,,무관
170,대구경북첨단의료산업진흥재단,대구경북첨단의료산업진흥재단 2026년 제2차 정원외 계약직원 채용공고,2026.07.02,2026.07.19,진행중,기타,False,전문학사,0,0,,전공무관,,,필요
171,근로복지공단,[순천병원] 의료직(산업위생사) 채용 공고,2026.07.02,2026.07.13,진행중,의료보건,False,학사,12,36,요양보호사,전공무관,TOEIC Speaking,750,무관
172,근로복지공단,[대구지역본부] 공무직(시설방호원) 채용 공고,2026.07.02,2026.07.09,진행중,기술설비,False,전문학사,0,0,,전공무관,,,필요
173,한국기술교육대학교,한국기술교육대학교 대학혁신지원사업 연구원 채용,2026.07.02,2026.07.16,진행중,연구전문,False,학사,0,0,,관련 전공(공고별 상이),TOEFL,750,무관
174,근로복지공단,[대구지역본부] 청년(체험형)인턴 채용 공고,2026.07.02,2026.07.09,진행중,기타,True,학력무관,0,0,,전공무관,,,무관
175,국토연구원,국토연구원 2026년 제7차 위촉직(기간제) 공개채용,2026.07.02,2026.07.16,진행중,연구전문,False,학사,12,36,,관련 전공(공고별 상이),TOEFL,800,필요
176,한국환경공단,한국환경공단 부산울산경남환경본부 수탁폐수전자인계인수관리시스템 운영 기간제근로자(촉탁라급) 채용공고(2차),2026.07.02,2026.07.16,진행중,IT전산,False,학사,36,72,,전공무관,,,필요
177,주택관리공단(주),채용형 인턴 채용공고(주택관리공단 대구경북지사),2026.07.02,2026.07.09,진행중,사무행정,True,학사,0,0,,전공무관,,,무관
178,국민연금공단,국민연금공단 언론홍보전문가(전문계약직) 공개채용,2026.07.02,2026.07.16,진행중,기타,False,전문학사,0,0,,전공무관,,,무관
179,한전KDN,한전KDN(주) 부산본부 배전자동화 업무보조 비정규직 모집공고,2026.07.02,2026.07.16,진행중,공무기능,False,학력무관,0,0,지게차운전기능사,전공무관,,,무관
180,한전KDN,한전KDN(주) 울산지사 AMI 단순정비 작업원 모집공고,2026.07.02,2026.07.16,진행중,기술설비,False,전문학사,0,0,산업안전기사,건축공학과,,,무관
181,한국보훈복지의료공단,[대전보훈병원] 정규직(업무지원직(완화의료)) 및 계약직(일반기능직(행정)) 채용,2026.07.02,2026.07.16,진행중,공무기능,False,학력무관,0,0,,전공무관,,,무관
182,국립중앙의료원,계약직 간호사(모자의료전원전담팀) 채용 공고,2026.07.01,2026.07.13,진행중,의료보건,False,학사,0,0,간호사,임상병리학과,,,무관
183,국립공원공단,[월악산] 2026년 월악산국립공원사무소 한시인력(수익시설) 직원 채용,2026.07.01,2026.07.13,진행중,기술설비,False,학사,36,60,,기계공학과,,,필요
184,국립공원공단,[월악산] 2026년 월악산국립공원사무소 한시인력(환경관리) 직원 채용,2026.07.01,2026.07.13,진행중,기술설비,False,고졸,36,60,"정보통신기사,토목기사",토목공학과,,,무관
185,한국체육산업개발(주),한국체육산업개발(주) 지원직 채용공고,2026.07.01,2026.07.15,진행중,기타,False,전문학사,36,60,,전공무관,,,무관
186,북한이탈주민지원재단,2026년도 북한이탈주민지원재단 블라인드 NCS 기반 2차 신규채용 공고,2026.07.01,2026.07.16,진행중,기타,False,학력무관,0,0,,전공무관,,,무관
187,한국교통안전공단,2026년 제3차 한국교통안전공단 전북본부 기간제근로자(청년인턴_ 실무원) 채용공고,2026.07.01,2026.07.17,진행중,기술설비,True,학사,0,0,,전공무관,,,무관
188,한국체육산업개발(주),한국체육산업개발(주) 전임직 채용공고,2026.07.01,2026.07.15,진행중,기타,False,학력무관,0,0,,전공무관,,,무관
189,한국해외인프라도시개발지원공사,2026년 하반기 한국해외인프라도시개발지원공사(KIND) 직원(정규직/계약직) 채용공고,2026.07.01,2026.07.15,진행중,기타,False,학력무관,12,36,,전공무관,,,무관
190,(재)우체국물류지원단,우체국물류지원단 경인지사 안양_부평물류사업소 (일용직_우편물 구분) 채용 공고,2026.07.01,2026.07.31,진행중,기타,False,학사,12,36,,전공무관,TOEIC Speaking,700,무관
191,국립공원공단,[북한산도봉] 2026년 기간제(녹색순찰대) 직원 채용(4차) 공고,2026.07.01,2026.07.13,진행중,기타,False,고졸,36,60,,전공무관,,,무관
192,(재)우체국물류지원단,우체국물류지원단 서울지사 동서물류사업소 기간제(일용직_우편물 구분) 채용 공고,2026.07.01,2026.07.31,진행중,기타,False,학사,36,60,,전공무관,TOEIC Speaking,600,무관
193,근로복지공단,[순천병원] 청년(체험형)인턴 채용 공고,2026.07.01,2026.07.08,진행중,기타,True,학력무관,0,0,,전공무관,,,무관
194,근로복지공단,[태백병원] 별정직 의사(내과 또는 가정의학과) 채용 공고,2026.07.01,2026.07.13,진행중,의료보건,False,학사,0,0,물리치료사,약학과,TOEIC,800,무관
195,근로복지공단,[태백병원] 청년(체험형)인턴 채용 공고,2026.07.01,2026.07.13,진행중,기타,True,학력무관,0,0,,전공무관,,,무관
196,근로복지공단,[대전병원] 기간제(조리사) 채용 공고,2026.07.01,2026.07.13,진행중,공무기능,False,고졸,0,0,,전공무관,,,무관
197,근로복지공단,[대전병원] 장애전형 청년(체험형)인턴 채용 공고,2026.07.01,2026.07.13,진행중,기타,True,학사,0,0,,전공무관,,,무관
198,근로복지공단,[창원지사] 기간제(사무원) 채용 공고,2026.07.01,2026.07.08,진행중,사무행정,False,학력무관,0,0,컴퓨터활용능력 1급,전공무관,,,무관
199,근로복지공단,[대전병원] 별정직 의사(직업환경의학과) 채용 공고,2026.07.01,2026.07.13,진행중,의료보건,False,학사,12,36,약사,약학과,,,무관
200,한국교통안전공단,2026년 제3차 한국교통안전공단 건설기계인증처 기간제근로자 채용공고,2026.07.01,2026.07.17,진행중,기술설비,False,학력무관,12,36,전기기사,전기공학과,,,무관
201,한국교통안전공단,한국교통안전공단 결함조사본부 기간제근로자 채용(2026-3),2026.07.01,2026.07.17,진행중,기술설비,False,학사,12,36,"산업안전기사,기계정비산업기사",전공무관,,,필요
202,한국보훈복지의료공단,[전주보훈요양원] 장애인 청년인턴 채용 공고,2026.07.01,2026.07.13,진행중,기타,True,전문학사,0,0,,전공무관,,,무관
203,한국수자원공사,[한국수자원공사] K-water연구원 물에너지연구소 실무직(기술관리_전문기술) 채용 공고,2026.07.01,2026.07.15,진행중,연구전문,False,학사,12,36,,전공무관,,,무관
204,정보통신정책연구원,2026년도 무기계약직 직원(환경미화원) 공개 채용,2026.07.01,2026.07.16,진행중,기술설비,False,학사,36,60,토목기사,전공무관,,,무관
205,한국교통안전공단,2026년 제3차 한국교통안전공단 자동차정보처 기간제근로자(청년인턴_장애) 채용공고,2026.07.01,2026.07.17,진행중,기술설비,True,전문학사,0,0,,전공무관,,,무관
206,한국수자원공사,[한국수자원공사] 2026년 사회형평 체험형 인턴(장애인) 채용공고,2026.07.01,2026.07.15,진행중,기타,True,학력무관,0,0,,전공무관,,,무관
207,한국국제협력단,제29기 KOICA 청년인턴(홍보분야) 모집 공고,2026.07.01,2026.07.22,진행중,기타,True,학력무관,0,0,,전공무관,,,무관
208,한국법무보호복지공단,2026년 한국법무보호복지공단 경기동부지소 취업지원직(육아휴직대체직) 경력경쟁채용시험 공고,2026.07.01,2026.07.16,진행중,상담복지,False,학사,12,36,사회복지사 1급,아동학과,,,무관
209,한국수자원공사,[한국수자원공사] 전남북부권지사 실무직(사무관리_고객관리) 채용 공고(자립준비청년 제한경쟁),2026.07.01,2026.07.15,진행중,사무행정,False,학력무관,0,0,,경영학과,,,필요
210,한국개발연구원, 2026년 3분기 1차 KDI 위촉직원(대체인력) 채용 공고(연구직),2026.07.01,2026.07.15,진행중,연구전문,False,학사,12,36,,관련 전공(공고별 상이),TOEIC,700,무관
211,한국항공우주연구원,2026년도 2분기 별정직(사내변호사) 채용 3차 공고,2026.07.01,2026.07.03,마감,기타,False,학력무관,0,0,,전공무관,,,무관
212,충남대학교병원,[세종] 2026년 7월 비정규직(계약직_ 업무지원계약직_ 보조금계약직) 직원 채용공고,2026.07.01,2026.07.15,진행중,기타,False,학력무관,12,36,,전공무관,,,필요
213,한국교통안전공단,2026년 제3차 한국교통안전공단 미래차연구처 기간제근로자 채용 공고,2026.07.01,2026.07.17,진행중,기술설비,False,고졸,0,0,,전공무관,,,무관
214,학교법인한국폴리텍,한국폴리텍대학 진주캠퍼스 청년인턴(일반) 채용 공고,2026.07.01,2026.07.09,진행중,기타,True,학력무관,0,0,,전공무관,,,무관
215,충남대학교병원,[대전] 충남대학교병원 2026년 7월 보조금직원 채용공고【채용분야 : 공고참고】,2026.07.01,2026.07.15,진행중,기타,False,고졸,12,36,,전공무관,,,필요
216,충남대학교병원,[대전] 충남대학교병원 2026년 7월 계약직 직원 채용공고【채용분야 : 공고참고】,2026.07.01,2026.07.15,진행중,기타,False,학사,12,36,,전공무관,TOEIC Speaking,650,무관
217,학교법인한국폴리텍,한국폴리텍대학 반도체융합캠퍼스 행정지원직(휴직대체) 채용 공고,2026.07.01,2026.07.09,진행중,사무행정,False,전문학사,0,0,,회계학과,OPIc,600,무관
218,한국행정연구원,2026년도 제3차 직원 채용공고,2026.07.01,2026.07.15,진행중,기타,False,고졸,12,36,,전공무관,,,필요
219,한국교통안전공단,2026년 제3차 한국교통안전공단 첨단자동차검사연구센터 첨단연구개발처 기간제근로자 채용공고,2026.07.01,2026.07.17,진행중,기술설비,False,학사,0,0,정보통신기사,전기공학과,,,무관
220,한국교통안전공단,2026년 제3차 한국교통안전공단 모빌리티교통안전본부 모빌리티연구처 기간제근로자 채용공고,2026.07.01,2026.07.17,진행중,기술설비,False,학사,36,60,,전기공학과,,,무관
221,한국수자원공사,[한국수자원공사] 물환경관리처 실무직(수질분석) 채용 공고,2026.07.01,2026.07.15,진행중,기술설비,False,학사,36,60,"토목기사,기계정비산업기사",전공무관,,,무관
222,한국수자원공사,[한국수자원공사] 물환경관리처 실무직(수질분석_ 바이러스 및 원생동물 분야) 채용 공고,2026.07.01,2026.07.15,진행중,기술설비,False,전문학사,0,0,전기기사,건축공학과,,,무관
223,한국교통안전공단,2026년 제3차 한국교통안전공단 항공안전실 기간제근로자 채용공고,2026.07.01,2026.07.17,진행중,기술설비,False,전문학사,0,0,,건축공학과,,,필요
224,한국수자원공사,[한국수자원공사] 시화조력관리단 실무직(기술관리_설비운영) 채용 공고,2026.07.01,2026.07.15,진행중,기술설비,False,학사,0,0,,토목공학과,,,무관
225,한국수자원공사,[한국수자원공사] 물종합진단처 실무직(기술관리_전문기술) 채용 공고,2026.07.01,2026.07.15,진행중,사무행정,False,학사,36,60,,전공무관,,,무관
226,한국교통안전공단,2026년 제3차 한국교통안전공단 안전기준국제화센터 기간제근로자 채용공고,2026.07.01,2026.07.17,진행중,기술설비,False,학사,36,60,기계정비산업기사,전공무관,,,필요
227,한국수자원공사,[한국수자원공사] 안동권지사 실무직(기술관리_댐부대시설관리) 채용 공고,2026.07.01,2026.07.15,진행중,기술설비,False,학사,0,0,정보통신기사,토목공학과,OPIc,800,무관
228,한국수자원공사,[한국수자원공사] 구미권지사 실무직(기술관리_설비운영(배출수처리시설)) 채용 공고,2026.07.01,2026.07.15,진행중,기술설비,False,전문학사,36,60,,토목공학과,,,무관
229,한국수자원공사,[한국수자원공사] 밀양권지사 실무직(기술관리_설비운영(병물공장)) 채용 공고,2026.07.01,2026.07.15,진행중,기술설비,False,학사,36,60,토목기사,전기공학과,,,무관
230,한국수자원공사,[한국수자원공사] 합천댐지사 실무직(사무관리_고객관리) 채용 공고(자립준비청년 제한채용),2026.07.01,2026.07.15,진행중,사무행정,False,학사,36,60,MOS,전공무관,,,무관
231,한국수자원공사,[한국수자원공사] 안동권지사 실무직(사무관리_고객관리) 채용 공고(자립준비청년 제한채용),2026.07.01,2026.07.15,진행중,사무행정,False,학사,12,36,컴퓨터활용능력 1급,전공무관,TOEIC Speaking,750,무관
232,한국수자원공사,[한국수자원공사] 부산울산경남지역협력단 실무직(수질분석_수질검사) 채용 공고,2026.07.01,2026.07.15,진행중,기타,False,학사,0,0,,전공무관,,,무관
233,한국수자원공사,[한국수자원공사] 낙동강유역관리처 실무직(수질분석_수질검사) 채용 공고,2026.07.01,2026.07.15,진행중,사무행정,False,전문학사,12,36,,전공무관,,,필요
234,한국문화관광연구원,한국문화관광연구원 2026년 청년인턴 채용(7.15. 접수마감),2026.07.01,2026.07.15,진행중,연구전문,True,학력무관,0,0,,전공무관,,,무관
235,한국문화관광연구원,한국문화관광연구원 지역관광개발관리센터 및 데이터정책본부 휴직대체인력 채용(7.15.접수마감),2026.07.01,2026.07.15,진행중,IT전산,False,학력무관,36,72,,전공무관,,,필요
236,학교법인한국폴리텍,한국폴리텍대학 성남캠퍼스 청년 인턴(중장년특화 및 AX과정) 채용 공고,2026.07.01,2026.07.10,진행중,기타,True,학력무관,0,0,,전공무관,,,무관
237,학교법인한국폴리텍,한국폴리텍대학 성남캠퍼스 체험형 청년인턴(일반) 채용 공고,2026.07.01,2026.07.10,진행중,기타,True,학력무관,0,0,,전공무관,,,무관
238,한국발명진흥회,2026년 제1차 한국발명진흥회 공무직 채용,2026.07.01,2026.07.15,진행중,공무기능,False,고졸,0,0,,전공무관,,,무관
239,태권도진흥재단,(수정) (공고취소) 2026년 국립태권도박물관 아카이브 자료 관리 보조인력 채용 공고,2026.07.01,2026.07.07,마감,사무행정,False,학사,36,60,"컴퓨터활용능력 2급,컴퓨터활용능력 1급",전공무관,,,필요
240,한국기술교육대학교,한국기술교육대학교 직업능력심사평가원 대체인력 채용(4차) 공고,2026.07.01,2026.07.15,진행중,교육교원,False,석사,12,36,교원자격증,해당 교과 전공,,,무관
241,한국발명진흥회,2026년 제3차 한국발명진흥회 임시계약직 채용,2026.07.01,2026.07.15,진행중,기타,False,학력무관,36,60,,전공무관,,,무관
242,한국교통안전공단,2026년 제3차 한국교통안전공단 시흥드론교육센터 기간제근로자 채용공고,2026.07.01,2026.07.17,진행중,기술설비,False,학사,0,0,"전기기사,산업안전기사",기계공학과,,,무관
243,한국환경보전원,2026년 환경교육지원처 기간제(교육행정)직원 채용 공고,2026.07.01,2026.07.07,마감,교육교원,False,학사,36,72,교원자격증,해당 교과 전공,OPIc,800,무관
244,한국수자원공사,[한국수자원공사] 경기동남권지사 및 충주수도지사 실무직(기술관리_설비운영) 채용 공고,2026.07.01,2026.07.15,진행중,기술설비,False,전문학사,0,0,,건축공학과,,,무관
245,학교법인한국폴리텍,한국폴리텍대학 창원캠퍼스 무기계약직원(조리원) 채용 공고,2026.07.01,2026.07.09,진행중,기술설비,False,학사,0,0,산업안전기사,기계공학과,,,무관
246,한국수자원공사,[한국수자원공사] 경기서남권지사 실무직(사무관리_고객관리) 채용 공고(자립준비청년 제한채용),2026.07.01,2026.07.15,진행중,사무행정,False,학사,0,0,,행정학과,,,무관
247,주택관리공단(주),체험형 인턴 채용공고(주택관리공단 충북지사),2026.07.01,2026.07.15,진행중,사무행정,True,학사,0,0,,전공무관,,,무관
248,주택관리공단(주),채용형 인턴 채용공고(주택관리공단 충북지사),2026.07.01,2026.07.08,진행중,사무행정,True,전문학사,0,0,,전공무관,,,무관
249,한전KPS(주),새울2시운전사업소 새울 3_4호기 시운전정비공사 단기노무원(정비보조원) 채용공고,2026.07.01,2026.07.03,마감,기술설비,False,학력무관,0,0,건축기사,전기공학과,,,무관
250,서울대학교병원,진료교수요원 공개채용,2026.07.01,2026.07.09,진행중,교육교원,False,학사,12,36,교원자격증,전공무관,,,무관
251,건강보험심사평가원,건강보험심사평가원 상근심사위원 채용 공고,2026.07.01,2026.07.15,진행중,기타,False,학사,12,36,,전공무관,,,무관
252,한국수자원공사,[한국수자원공사] 대청댐지사 실무직(기술관리_댐부대시설관리) 채용 공고,2026.07.01,2026.07.15,진행중,기술설비,False,학력무관,12,36,,전기공학과,,,무관
253,한국수자원공사,[한국수자원공사] 아산권지사 실무직(기술관리_수탁운영(지방상수도 시설운영)) 채용 공고,2026.07.01,2026.07.15,진행중,기술설비,False,학력무관,0,0,토목기사,전공무관,,,무관
254,한국수자원공사,[한국수자원공사] 금강유역관리처 실무직(수질분석_수질검사(먹는물검사소_ 이화학·미생물분야)) 채용 공고,2026.07.01,2026.07.15,진행중,사무행정,False,전문학사,0,0,전산회계,전공무관,,,필요
255,한전KPS(주),한전KPS(주) 보령사업처 제 26-12차 단기노무원 채용 공고(장애인),2026.07.01,2026.07.03,마감,공무기능,False,학력무관,0,0,조리사,전공무관,,,무관
256,한국나노기술원,2026년 4차 계약직(육아휴직 대체) 채용 공고,2026.07.01,2026.07.08,진행중,기타,False,고졸,36,60,,전공무관,,,무관
257,분당서울대학교병원,분당서울대학교병원 진료전문의(소아청소년과_당직전담) 채용 공고,2026.07.01,2026.07.10,진행중,의료보건,False,전문학사,0,0,"물리치료사,약사",전공무관,,,무관
258,한전KDN,한전KDN(주) 강원사업처 강릉지사 AMI분야 작업원 모집공고,2026.07.01,2026.07.17,진행중,공무기능,False,학력무관,0,0,지게차운전기능사,전공무관,,,무관
259,분당서울대학교병원,분당서울대학교병원 진료교수요원(입원전담진료센터_순환기내과_소아청소년과_안과) 채용공고,2026.07.01,2026.07.10,진행중,공무기능,False,고졸,0,0,,전공무관,,,무관
260,국립공원공단,[지리산경남] 지리산국립공원경남사무소 여름성수기 한시인력(환경관리) 직원 일반 및 제한경쟁(장애인) 채용 공고,2026.06.30,2026.07.06,마감,기술설비,False,학사,36,60,산업안전기사,전공무관,,,무관
261,국립공원공단,[지리산경남] 지리산국립공원경남사무소 여름성수기 한시인력(수익시설) 직원 일반 및 제한경쟁(장애인) 채용 공고,2026.06.30,2026.07.06,마감,기술설비,False,학사,0,0,"산업안전기사,건축기사",전공무관,,,무관
262,건축공간연구원,건축공간연구원 위촉직 모집,2026.06.30,2026.07.15,진행중,연구전문,False,학사,12,36,,전공무관,,,무관
263,한국지식재산보호원,[한국지식재산보호원] 2026년도 제6차 인력채용,2026.06.30,2026.07.15,진행중,기타,False,고졸,12,36,,전공무관,,,무관
264,한국교육과정평가원,2026년 8월 한국교육과정평가원 비정규직원 모집 공고,2026.06.30,2026.07.10,진행중,교육교원,False,석사,36,72,,해당 교과 전공,TOEIC,650,필요
265,한국보건사회연구원,한국보건사회연구원 계약직 채용 공고(6월 4주차_보건의료정책분야),2026.06.30,2026.07.15,진행중,의료보건,False,전문학사,0,0,응급구조사,전공무관,,,무관
266,근로복지공단,[동해병원] 기간제 의사(응급실전담의) 채용 공고,2026.06.30,2026.07.07,마감,의료보건,False,학사,12,36,요양보호사,물리치료학과,,,무관
267,근로복지공단,[동해병원] 기간제 의사(진단검사의학과 또는 병리과) 채용 공고,2026.06.30,2026.07.07,마감,의료보건,False,석사,0,0,요양보호사,전공무관,,,무관
268,한국재정정보원,한국재정정보원 2026년도 제4차 채용(정규직_ 기간제근로자_ 체험형 청년인턴),2026.06.30,2026.07.15,진행중,기타,True,학력무관,0,12,,전공무관,,,무관
269,한국교통안전공단,2026년 제3차 한국교통안전공단 자격교육처 기간제근로자 채용공고,2026.06.30,2026.07.17,진행중,기술설비,False,학력무관,36,60,,전공무관,,,무관
270,한국보건사회연구원,한국보건사회연구원 계약직 채용 공고(기록물관리분야),2026.06.30,2026.07.15,진행중,의료보건,False,학사,12,36,,전공무관,,,무관
271,한국교통안전공단,2026년 제3차 한국교통안전공단 화성드론자격센터 기간제근로자 채용공고,2026.06.30,2026.07.17,진행중,기술설비,False,전문학사,36,60,기계정비산업기사,건축공학과,,,필요
272,한국교통안전공단,2026년 제3차 한국교통안전공단 안전연구처 기간제근로자 채용 공고,2026.06.30,2026.07.17,진행중,기술설비,False,학력무관,12,36,,건축공학과,,,무관
273,한국산업기술기획평가원,2026년 체험형 청년인턴(일반_ 자립준비청년) 채용공고,2026.06.30,2026.07.16,진행중,기타,True,학력무관,0,0,,전공무관,,,무관
274,한국농업기술진흥원,2026년 안전보안실 일반계약직(환경미화) 채용 공고,2026.06.30,2026.07.15,진행중,기술설비,False,학사,12,36,토목기사,토목공학과,,,무관
275,한국산업기술기획평가원,2026년 하반기 관리운영직(미화) 신입직원 및 대체인력(일반직) 채용공고,2026.06.30,2026.07.16,진행중,공무기능,False,학력무관,0,0,,전공무관,,,무관
276,한국교통안전공단,2026년 제3차 한국교통안전공단 부산본부 기간제근로자(청년인턴_실무원) 채용공고,2026.06.30,2026.07.17,진행중,기술설비,True,학사,0,0,,전공무관,,,무관
277,충남대학교병원,[세종] 2026년 7월 업무지원직 직원 채용공고,2026.06.30,2026.07.14,진행중,기타,False,학사,0,0,,전공무관,,,무관
278,한국석유관리원,한국석유관리원 장애인 기간제 직원 채용공고[재택근무형 행정보조],2026.06.30,2026.07.15,진행중,사무행정,False,학사,36,60,,경영학과,,,필요
279,국립공원공단,[태안] 2026년 태안해안 기간제[한시인력(수익시설)] 직원 채용,2026.06.30,2026.07.06,마감,기술설비,False,학사,36,60,건축기사,전공무관,TOEIC,700,무관
280,국립공원공단,[태안] 2026년 태안해안 기간제[한시인력_환경관리(해양)] 직원 채용,2026.06.30,2026.07.06,마감,기술설비,False,학력무관,12,36,"산업안전기사,토목기사",전기공학과,,,무관
281,한국교통안전공단,2026년 제3차 한국교통안전공단 제주본부 기간제근로자 채용공고,2026.06.30,2026.07.17,진행중,기술설비,False,학사,36,60,건축기사,전공무관,,,필요
282,국립공원공단,[태안] 2026년 태안해안 한시인력[수상안전관리반(해변안전순찰요원)] 직원 채용,2026.06.30,2026.07.06,마감,기술설비,False,학사,36,60,,전공무관,,,무관
283,분당서울대학교병원,분당서울대학교병원 신입(사무직) 직원 채용공고,2026.06.30,2026.07.10,진행중,사무행정,False,전문학사,0,0,전산회계,전공무관,,,필요
284,한전KDN,한전KDN(주) 진주지사 배전분야 비정규직 모집공고(재공고),2026.06.30,2026.07.13,진행중,공무기능,False,학력무관,0,0,,전공무관,,,무관
285,한국교통안전공단,2026년 제3차 한국교통안전공단 광주전남본부 기간제근로자 채용공고,2026.06.30,2026.07.17,진행중,기술설비,False,전문학사,12,36,정보통신기사,전공무관,,,무관
286,한국교통안전공단,2026년 제3차 한국교통안전공단 경기남부본부 기간제근로자 채용공고,2026.06.30,2026.07.17,진행중,기술설비,False,전문학사,0,0,,기계공학과,,,필요
287,한국장애인고용공단,[한국장애인고용공단 경기지역본부] 기간제 대체근로자(체험형 청년인턴) 채용 공고,2026.06.30,2026.07.07,마감,기타,True,학력무관,0,0,,전공무관,,,무관
288,대한적십자사,[강원혈액원] 2026년 초단시간 간호사 채용 공고,2026.06.30,2026.07.15,진행중,의료보건,False,학사,0,0,임상병리사,전공무관,,,무관
289,대한적십자사,[강원혈액원] 2026년 대체인력(운전원) 채용 공고,2026.06.30,2026.07.15,진행중,공무기능,False,고졸,0,0,,전공무관,,,무관
290,학교법인한국폴리텍,한국폴리텍대학 반도체융합캠퍼스 업무직(대학운영직_전기원) 채용 공고,2026.06.30,2026.07.08,진행중,기술설비,False,고졸,36,60,,기계공학과,,,무관
291,한국교통안전공단,2026년 제3차 한국교통안전공단 울산본부 기간제근로자 채용공고,2026.06.30,2026.07.17,진행중,기술설비,False,전문학사,12,36,,토목공학과,,,무관
292,한국보훈복지의료공단,[인천보훈병원] 2026-9차 직원[약무직_ 업무지원직(급식)] 공개채용,2026.06.30,2026.07.14,진행중,의료보건,False,학사,0,0,응급구조사,간호학과,,,무관
293,한국교통안전공단,2026년 제3차 한국교통안전공단 경기북부본부 기간제근로자 채용공고,2026.06.30,2026.07.17,진행중,기술설비,False,학사,12,36,전기기사,전공무관,,,무관
294,국립공원공단,[태백산] 태백산국립공원사무소 환경관리 기간제(한시인력) 직원 채용(4차) 공고,2026.06.30,2026.07.06,마감,기술설비,False,학력무관,12,36,기계정비산업기사,전공무관,,,무관
295,국립공원공단,[태백산] 태백산국립공원사무소 수익시설 기간제(한시인력) 직원 채용(2차) 공고,2026.06.30,2026.07.06,마감,기술설비,False,전문학사,36,60,"토목기사,정보통신기사",기계공학과,,,무관
296,한전KDN,한전KDN(주) 서울본부 강북지사 OA설비 유지보수 및 단순정비 일용근로자 모집공고 ,2026.06.30,2026.07.14,진행중,기술설비,False,고졸,12,36,기계정비산업기사,전공무관,,,무관
297,(주)한국가스기술공사,평택기지지사 기간제계약직(군휴직 대체인력) 채용 공고,2026.06.30,2026.07.14,진행중,기타,False,고졸,12,36,,전공무관,,,무관
298,한국교통안전공단,2026년 제3차 한국교통안전공단 인천본부 기간제근로자 채용공고,2026.06.30,2026.07.17,진행중,기술설비,False,전문학사,12,36,정보통신기사,전공무관,TOEFL,800,무관
299,충남대학교병원,[대전] 의생명연구원 연구교수(B)_의공학 분야 공개채용 모집공고,2026.06.30,2026.07.14,진행중,연구전문,False,박사,0,0,,관련 전공(공고별 상이),,,무관
300,충남대학교병원,[대전] 의생명연구원 연구교수(B)_생명과학_면역학분야 공개채용 모집공고(상시모집),2026.06.30,2027.06.30,진행중,연구전문,False,석사,36,72,,관련 전공(공고별 상이),,,필요
301,충남대학교병원,[대전_세종] 2026년도 임상교수요원 공개채용 모집공고,2026.06.30,2026.07.14,진행중,교육교원,False,학사,36,72,교원자격증,해당 교과 전공,,,무관
302,국립공원공단,[팔공산서부] 2026년 팔공산국립공원서부사무소 기간제(환경관리) 직원 채용(3차),2026.06.30,2026.07.14,진행중,기술설비,False,학사,0,0,,전공무관,,,무관
303,정보통신정책연구원,2026년 계약직연구원 공개채용(방송미디어),2026.06.30,2026.07.15,진행중,연구전문,False,학사,12,36,,관련 전공(공고별 상이),,,무관
304,한국교통안전공단,2026년 제3차 한국교통안전공단 경남본부 기간제근로자 채용공고,2026.06.30,2026.07.17,진행중,기술설비,False,전문학사,36,60,,전공무관,,,무관
305,기초과학연구원,제2026-1회 IBS 다차원 탄소재료 연구단 박사후연구원 채용공고,2026.06.30,2026.07.16,진행중,연구전문,False,석사,0,0,,관련 전공(공고별 상이),TOEIC Speaking,700,무관
306,한국교통안전공단,2026년 제3차 한국교통안전공단 연구기획처 기간제근로자 채용공고,2026.06.30,2026.07.17,진행중,기술설비,False,고졸,12,36,토목기사,전공무관,,,무관
307,한국방송통신전파진흥원,한국방송통신전파진흥원 개방형직위 채용 공고,2026.06.30,2026.07.14,진행중,기타,False,학력무관,12,36,,전공무관,,,무관
308,한국교통안전공단,2026년 제3차 한국교통안전공단 대구경북본부 기간제근로자 채용공고,2026.06.30,2026.07.17,진행중,기술설비,False,고졸,36,60,정보통신기사,전공무관,TOEIC,650,무관
309,한국교통안전공단,2026년 제3차 한국교통안전공단 자율주행자동차사고조사위원회사무국 기간제근로자 채용 공고,2026.06.30,2026.07.17,진행중,기술설비,False,전문학사,12,36,건축기사,전기공학과,,,필요
310,한국교통안전공단,한국교통안전공단 경영지원본부 운영지원처 2026년 제3차 기간제 근로자 채용(실무원-상담),2026.06.30,2026.07.17,진행중,기술설비,False,학사,36,60,,전공무관,,,무관
311,한전KPS(주),한전KPS(주)당진사업처 단기노무원 채용('26년도 1~4호기 탈황설비 경상정비공사 단기근로자 1차 채용),2026.06.30,2026.07.02,마감,기술설비,False,전문학사,0,0,토목기사,전공무관,,,무관
312,학교법인한국폴리텍,한국폴리텍대학 광주캠퍼스 업무직(대학운영직_조리사) 채용 공고,2026.06.29,2026.07.10,진행중,공무기능,False,학력무관,0,0,"지게차운전기능사,운전면허 1종",전공무관,,,무관
313,한국교통안전공단,2026년 제3차 한국교통안전공단 철도승인처 기간제근로자 채용공고,2026.06.29,2026.07.17,진행중,기술설비,False,전문학사,12,36,건축기사,전공무관,,,무관
314,한국보건사회연구원,한국보건사회연구원 정규직 신규채용(3차) 부연구위원,2026.06.29,2026.07.15,진행중,의료보건,False,전문학사,0,0,임상병리사,약학과,,,무관
315,한국문화관광연구원,한국문화관광연구원 위촉직원 채용 공고 [2026-23],2026.06.29,2026.07.06,마감,연구전문,False,박사,12,36,,관련 전공(공고별 상이),,,무관
316,한국보건사회연구원,한국보건사회연구원 정규직 신규채용(4차) 행정원_보훈제한경쟁,2026.06.29,2026.07.15,진행중,의료보건,False,전문학사,12,36,"요양보호사,간호사",간호학과,,,무관
317,한국교통안전공단,2026년 제3차 한국교통안전공단 자동차안전하자심의위원회사무국 기간제근로자 채용 공고,2026.06.29,2026.07.17,진행중,기술설비,False,학사,12,36,,기계공학과,TOEFL,700,필요
318,한국수력원자력(주),2026년도 제2차 신입사원(청원경찰) 선발,2026.06.29,2026.07.15,진행중,사무행정,False,학사,36,60,,전공무관,TOEFL,600,필요
319,대한법률구조공단,대한법률구조공단 상용직[환경관리직-고객응대] 직원 채용 공고,2026.06.29,2026.07.14,진행중,기술설비,False,학사,12,36,정보통신기사,전공무관,,,무관
320,한국보건의료인국가시험원,2026년도 제4차 한국보건의료인국가시험원 대체인력(기간제직원) 채용 공고 (인재채움뱅크),2026.06.29,2026.07.14,진행중,의료보건,False,전문학사,0,0,물리치료사,약학과,,,무관
321,한국환경연구원,[한국환경연구원] 임시직(산업폐수관리 정책) 채용 공고(0629),2026.06.29,2026.07.14,진행중,연구전문,False,학사,12,36,,관련 전공(공고별 상이),TOEIC,600,필요
322,한국교통안전공단,2026년 제3차 한국교통안전공단 대전세종충남본부 기간제근로자 채용공고,2026.06.29,2026.07.17,진행중,기술설비,False,전문학사,12,36,기계정비산업기사,토목공학과,,,무관
323,한국교통안전공단,2026년 제3차 한국교통안전공단 자율주행본부 기간제근로자 채용 공고,2026.06.29,2026.07.17,진행중,기술설비,False,학력무관,36,60,,전공무관,,,무관
324,한전KPS(주),한전KPS(주) 대구사업소 단기노무원 채용('26년도 대구 열병합발전시설 정기점검보수공사),2026.06.29,2026.07.01,마감,기술설비,False,학사,12,36,"정보통신기사,건축기사",전공무관,,,필요
325,인천국제공항공사,인천국제공항공사 2026년 방재직(소방직 및 야생동물통제직) 채용 공고,2026.06.29,2026.07.13,진행중,기타,False,학사,0,0,,전공무관,,,무관
326,국립공원공단,[내장산] 2026년 내장산국립공원사무소 기간제(수익시설) 직원 채용,2026.06.29,2026.07.06,마감,기술설비,False,학사,36,60,기계정비산업기사,전공무관,,,무관
327,한전KPS(주),한전KPS(주)한빛1사업처 한빛1호기 제28차 O/H공사 단기노무원 채용공고(3차),2026.06.29,2026.07.03,마감,공무기능,False,고졸,0,0,,전공무관,,,무관
328,한국농업기술진흥원,2026년도 한국농업기술진흥원 제1차 종자사업본부 일반계약직 채용 공고,2026.06.29,2026.07.14,진행중,기타,False,전문학사,0,0,,전공무관,,,무관
329,국립공원공단,[다도해해상]2026년 다도해해상 한시인력(수상안전) 직원 채용,2026.06.29,2026.07.03,마감,기술설비,False,고졸,0,0,산업안전기사,전공무관,,,무관
330,농림수산식품교육문화정보원,2026년 하반기 통합 채용(일반직_ 계약직(육아휴직 대체)_ 체험형 청년인턴),2026.06.29,2026.07.15,진행중,사무행정,True,학력무관,0,0,,전공무관,,,무관
331,한전KDN,한전KDN(주) 대구본부 포항지사 AMI분야 작업원 모집공고,2026.06.29,2026.07.14,진행중,공무기능,False,학력무관,0,0,,전공무관,,,무관
332,부산대학교병원,2026년도 하반기 전문의료인력 공개채용 추가모집 공고(양산분원),2026.06.29,2026.07.06,마감,의료보건,False,학사,12,36,요양보호사,전공무관,,,무관
333,주택관리공단(주),채용형 인턴 채용공고(주택관리공단 전북지사),2026.06.29,2026.07.06,마감,사무행정,True,전문학사,0,0,,전공무관,,,무관
334,한국교통안전공단,2026년 제3차 한국교통안전공단 충북본부 기간제근로자 채용공고,2026.06.29,2026.07.17,진행중,기술설비,False,고졸,12,36,전기기사,건축공학과,,,무관
335,한국장애인개발원,[제2026-76호] 2026년 제6차 강원특별자치도장애아동·발달장애인지원센터 장애아동지원팀 기간제 계약직 채용 공고,2026.06.29,2026.07.13,진행중,상담복지,False,학사,36,60,사회복지사 2급,전공무관,,,무관
336,한국교통안전공단,2026년 한국교통안전공단 서울본부 기간제근로자 채용(통합3차) 공고,2026.06.29,2026.07.17,진행중,기술설비,False,전문학사,12,36,건축기사,토목공학과,,,필요
337,한국토지주택공사,한국토지주택공사 광주전남지역본부 기간제근로자(사업관리 외) 채용공고(2026.07),2026.06.29,2026.07.15,진행중,사무행정,False,전문학사,0,0,,전공무관,,,무관
338,대한적십자사,[대한적십자사 인천지사] 육아휴직 대체인력(계약직) 채용 공고,2026.06.29,2026.07.15,진행중,기타,False,고졸,12,36,,전공무관,,,필요
339,국립공원공단,[변산반도생태탐방원] 2026년 3차 변산반도생태탐방원 기간제[한시인력(수익시설)] 직원 채용 추가접수 공고,2026.06.29,2026.07.03,마감,기술설비,False,고졸,0,0,,건축공학과,,,무관
340,근로복지공단,[순천지사] 공무직(보험가입조사원) 채용 공고,2026.06.29,2026.07.06,마감,공무기능,False,고졸,0,0,,전공무관,,,무관
341,한전KDN,2026년도 공개모집형 청년인턴(고졸 또는 사회적배려대상자) 2차 채용,2026.06.29,2026.07.13,진행중,기타,True,전문학사,0,0,,전공무관,,,무관
342,근로복지공단,[광주지역본부] 청년(체험형)인턴 채용 공고,2026.06.29,2026.07.06,마감,기타,True,학력무관,0,0,,전공무관,,,무관
343,근로복지공단,[서산지사] 청년(체험형)인턴 채용 공고,2026.06.29,2026.07.12,진행중,기타,True,전문학사,0,0,,전공무관,,,무관
344,한국환경공단,한국환경공단 화학안전지원단 생활환경안전처 생활환경지원부 기간제근로자(촉탁라급) 채용 공고,2026.06.29,2026.07.13,진행중,기술설비,False,전문학사,36,60,"기계정비산업기사,산업안전기사",토목공학과,,,무관
345,한국보건복지인재원,(제2026-5호) 한국보건복지인재원 교수직 및 사회복무전임교수직 채용 공고,2026.06.29,2026.07.14,진행중,의료보건,False,학사,36,60,"응급구조사,방사선사",전공무관,,,무관
346,정보통신정책연구원,2026년 계약직연구원 공개채용(방송산업 실태조사),2026.06.29,2026.07.14,진행중,연구전문,False,학사,0,0,,관련 전공(공고별 상이),TOEFL,800,무관
347,대한무역투자진흥공사,2026년 하반기 체험형 청년인턴(장애인 전형) 모집,2026.06.29,2026.12.31,진행중,기타,True,고졸,0,12,,전공무관,,,무관
348,한국장애인고용공단,[한국장애인고용공단 경기남부직업능력개발원] 특정업무직(운영지원직) 시설정비원(3조3교대) 및 미화원 채용,2026.06.29,2026.07.09,진행중,기술설비,False,학사,0,0,,전공무관,,,필요
349,(재)축산환경관리원,축산환경관리원 2026년 제3회 직원(채용형 청년인턴) 채용공고,2026.06.27,2026.07.13,진행중,기술설비,True,학사,0,0,,전공무관,,,무관
350,한국마사회,한국마사회 경마지원직 채용공고(영천경마공원),2026.06.27,2026.07.15,진행중,기타,False,전문학사,0,0,,전공무관,,,무관
351,세종학당재단,2026년 세종학당재단 하반기 정규직_ 무기계약직 채용 공고,2026.06.26,2026.07.13,진행중,기술설비,False,전문학사,0,0,산업안전기사,전공무관,,,무관
352,대한적십자사,경인권역재활병원 정규직 간호사 채용 공고(2026.8.3.임용),2026.06.26,2026.07.12,진행중,의료보건,False,학사,0,0,임상병리사,간호학과,,,무관
353,대한적십자사,경인권역재활병원 비정규직(대체인력) 임상병리사 채용 공고(2026.8.7.임용),2026.06.26,2026.07.12,진행중,의료보건,False,석사,0,0,약사,물리치료학과,,,무관
354,제주대학교병원,「2026년도 블라인드 채용」 제주대학교병원 진료교수 모집공고(영상의학과),2026.06.26,2026.07.02,마감,교육교원,False,석사,0,0,,해당 교과 전공,,,무관
355,한국수력원자력(주),2026년도 제5차 경력사원(한울본부 청경대장) 선발,2026.06.26,2026.07.14,진행중,기타,False,학력무관,36,60,,전공무관,,,무관
356,국립중앙의료원,의사직 전문의 채용 재공고(내분비대사내과_ 중환자전담전문의),2026.06.26,2026.07.06,마감,의료보건,False,전문학사,36,60,임상병리사,물리치료학과,,,무관
357,전남대학교병원,2026년 6월 화순전남대학교병원 직원(대체근로자) 공개채용 공고 ,2026.06.26,2026.07.03,마감,기타,False,고졸,0,0,,전공무관,,,무관
358,에너지경제연구원,[에너지경제연구원] 위촉연구원 채용공고(에너지국제기구협력실),2026.06.26,2026.07.10,진행중,연구전문,False,학사,12,36,,관련 전공(공고별 상이),,,무관
359,한국인터넷진흥원,2026년 한국인터넷진흥원 기간제 근로자 3차 채용공고(연구지원직),2026.06.26,2026.07.13,진행중,기타,False,학력무관,12,36,,전공무관,,,필요
360,근로복지공단,[태백병원] 공무직(전기기계통신기사-기계분야) 채용 공고,2026.06.26,2026.07.03,마감,기술설비,False,고졸,36,60,토목기사,토목공학과,,,무관
361,근로복지공단,[대구병원] 기간제(물리치료사) 채용공고,2026.06.26,2026.07.03,마감,의료보건,False,학사,12,36,응급구조사,임상병리학과,,,무관
362,오송첨단의료산업진흥재단,오송첨단의료산업진흥재단 2026년 제3차 위촉직 채용 공고,2026.06.26,2026.07.10,진행중,기타,False,학력무관,12,36,,전공무관,TOEIC Speaking,700,필요
363,국가생명윤리정책원,(수정) 제2026-2차 직원 채용 공고,2026.06.26,2026.07.17,진행중,기타,False,학력무관,0,0,,전공무관,,,무관
364,학교법인한국폴리텍,한국폴리텍대학 대구캠퍼스 무기계약직원_업무직(조리원) 2차 채용 공고,2026.06.26,2026.07.13,진행중,기술설비,False,전문학사,0,0,정보통신기사,전공무관,,,무관
365,한국도로공사,한국도로공사 강릉지사 기간제근로자(상황관리원) 채용공고,2026.06.26,2026.07.08,진행중,사무행정,False,전문학사,0,0,MOS,전공무관,,,무관
366,한국도로공사,한국도로공사 연수원 하계 기간제근로자(조무원_ 청소원) 채용공고,2026.06.26,2026.07.03,마감,공무기능,False,학력무관,0,0,,전공무관,,,무관
367,동남권원자력의학원,[직원채용] 별정직 간호조무직(간호간병통합서비스병동/육아휴직대체) 공개 채용,2026.06.26,2026.07.13,진행중,의료보건,False,학사,0,0,임상병리사,간호학과,,,무관
368,한국환경연구원,[한국환경연구원] 2026년 제9차 인턴직(장애인 제한경쟁) 채용공고,2026.06.26,2026.07.13,진행중,연구전문,False,학사,0,0,,관련 전공(공고별 상이),,,무관
369,국립공원공단,[설악산] 설악산국립공원 기간제 직원[환경관리(한시인력)] 채용 공고,2026.06.26,2026.07.01,마감,기술설비,False,전문학사,12,36,산업안전기사,전공무관,,,무관
370,국립암센터,국립암센터 부속병원 입원전담전문의(내과) 초빙 공고,2026.06.26,2026.07.14,진행중,의료보건,False,전문학사,12,36,"간호사,요양보호사",전공무관,,,무관
371,주택관리공단(주),채용형 인턴 채용공고(주택관리공단 강원지사),2026.06.26,2026.07.03,마감,사무행정,True,학사,0,0,,전공무관,,,무관
372,경북대학교병원,칠곡경북대학교병원 2026년 6월 2차 임시직원 채용공고(원무지원 운영지원(청소)),2026.06.26,2026.07.02,마감,공무기능,False,고졸,0,0,,전공무관,,,무관
373,한국농촌경제연구원,한국농촌경제연구원 2026년 제4차 청년인턴(장애인 제한경쟁) 채용 공고,2026.06.26,2026.07.10,진행중,연구전문,True,석사,0,0,,전공무관,,,무관
374,한국보훈복지의료공단,[부산보훈병원] 계약직(치과위생사) 긴급채용공고,2026.06.26,2026.07.06,마감,의료보건,False,전문학사,0,0,물리치료사,약학과,,,무관
375,한전KDN,한전KDN(주) 울산지사 배전분야 일용원 모집공고,2026.06.25,2026.07.10,진행중,공무기능,False,고졸,24,48,,전공무관,,,무관
376,서울대학교병원,서울대학교병원 블라인드 직원채용 (대체근로자) 공고 (장애인 특별우대),2026.06.25,2026.07.09,진행중,기타,False,전문학사,36,60,,전공무관,,,무관
377,한국교육과정평가원,2026년 제4차 한국교육과정평가원 청년인턴 채용 공고,2026.06.25,2026.07.10,진행중,교육교원,True,학력무관,0,0,,전공무관,,,무관
378,한국과학창의재단,2026년 제2차 한국과학창의재단 직원(위촉직) 채용 공고,2026.06.25,2026.07.10,진행중,기타,False,전문학사,0,0,,전공무관,,,무관
379,근로복지공단,[순천병원] 기간제 의사(산부인과) 채용 공고,2026.06.25,2026.07.06,마감,의료보건,False,학사,0,0,"간호사,방사선사",약학과,,,무관
380,근로복지공단,[태백병원] 의료직 4급(약사) 채용 공고,2026.06.25,2026.07.06,마감,의료보건,False,학사,0,0,"응급구조사,요양보호사",물리치료학과,,,무관
381,분당서울대학교병원,분당서울대학교병원 단시간일반직(선임급연구원) 채용공고,2026.06.25,2026.07.06,마감,연구전문,False,박사,36,72,,관련 전공(공고별 상이),,,무관
382,분당서울대학교병원,분당서울대학교병원 단시간일반직 채용공고,2026.06.25,2026.07.06,마감,사무행정,False,학사,0,0,,행정학과,,,무관
383,분당서울대학교병원,분당서울대학교병원 직원(계약업무지원직) 채용공고,2026.06.25,2026.07.06,마감,기타,False,전문학사,0,0,,전공무관,,,무관
384,분당서울대학교병원,분당서울대학교병원 직원(계약사무직_ 계약보건직) 채용공고,2026.06.25,2026.07.06,마감,의료보건,False,전문학사,36,60,방사선사,임상병리학과,,,무관
385,분당서울대학교병원,분당서울대학교병원 직원(계약보건직) 채용공고,2026.06.25,2026.07.06,마감,의료보건,False,학사,36,60,간호사,임상병리학과,OPIc,650,무관
386,국립공원공단,[태안] 2026년 태안해안 기간제(수익시설) 직원 채용 재공고,2026.06.25,2026.07.06,마감,기술설비,False,고졸,0,0,산업안전기사,토목공학과,OPIc,600,무관
387,서울올림픽기념국민체육진흥공단,서울올림픽기념국민체육진흥공단 파크텔 연회예약실(단기지원직_ 육아휴직 대체인력) 채용공고,2026.06.25,2026.07.10,진행중,기타,False,고졸,0,0,,전공무관,TOEFL,600,무관
388,동남권원자력의학원,[직원채용] 정규직 간호직(외래특수간호과 수술실) 공개 채용,2026.06.25,2026.07.09,진행중,의료보건,False,전문학사,0,0,,임상병리학과,,,무관
389,한국전력공사,(수정) 기간제근로자(대체인력) 채용공고[대전세종충남본부 천안지사_ 대덕유성지사],2026.06.25,2026.07.09,진행중,기타,False,학력무관,12,36,,전공무관,,,무관
390,한국농촌경제연구원,한국농촌경제연구원 2026-9차(재공모) 계약직 채용 공고,2026.06.25,2026.07.06,마감,연구전문,False,학사,0,0,,전공무관,,,무관
391,한국환경연구원,[한국환경연구원] 2026년 제8차 인턴직 채용공고,2026.06.25,2026.07.10,진행중,연구전문,False,석사,0,0,,전공무관,TOEIC,800,무관
392,국립공원공단,[한려동부] 2026년 한려해상국립공원동부사무소 한시인력(수상안전관리원) 직원 채용 재공고,2026.06.25,2026.07.01,마감,기술설비,False,전문학사,12,36,,전기공학과,,,무관
393,한국화학연구원,한국화학연구원 계약직 채용 공고,2026.06.25,2026.07.09,진행중,연구전문,False,석사,0,0,,전공무관,OPIc,650,무관
394,대한적십자사,[울산혈액원] 비정규직 한시적근로자 사무보조원 모집 공고,2026.06.25,2026.07.12,진행중,사무행정,False,학사,12,36,컴퓨터활용능력 1급,전공무관,TOEFL,800,필요
395,대한법률구조공단,대한법률구조공단 창원지부 청년인턴 공개경쟁 채용시험 공고,2026.06.25,2026.07.10,진행중,기타,True,학사,0,0,,전공무관,,,무관
396,국립공원공단,[한려동부] 2026년 한려해상국립공원동부사무소 한시인력(환경관리) 직원 채용,2026.06.25,2026.07.01,마감,기술설비,False,전문학사,36,60,기계정비산업기사,전공무관,,,무관
397,코레일테크(주),2026년 제3차 공무직사원 채용 공고,2026.06.25,2026.07.09,진행중,공무기능,False,학력무관,0,0,,전공무관,,,무관
398,학교법인한국폴리텍,2026년 한국폴리텍대학 포항캠퍼스 업무직(조리원)채용 공고,2026.06.25,2026.07.06,마감,공무기능,False,고졸,0,0,,전공무관,,,무관
399,제주대학교병원,제주대학교병원 단기간 계약직(중앙물류이송)_ 휴직대체 계약직(조리·배식원) 모집공고,2026.06.24,2026.06.30,마감,기타,False,전문학사,0,0,,전공무관,,,무관
400,한국보건사회연구원,한국보건사회연구원 청년인턴 채용 공고(경영지원/연구기획분야),2026.06.24,2026.07.09,진행중,의료보건,True,학력무관,0,0,,전공무관,,,무관
401,학교법인한국폴리텍, 한국폴리텍대학 전남캠퍼스 업무직(조리원) 공개 채용 공고,2026.06.24,2026.07.02,마감,공무기능,False,학력무관,0,0,,전공무관,,,무관
402,국립암센터,국립암센터 소아청소년과 촉탁의(당직전담의) 초빙 공고,2026.06.24,2026.07.10,진행중,공무기능,False,고졸,12,24,,전공무관,,,무관
403,한국환경연구원,[한국환경연구원] 임시직(물환경 정책) 채용 공고(0624),2026.06.24,2026.07.09,진행중,연구전문,False,석사,12,36,,관련 전공(공고별 상이),,,무관
404,국악방송,국악방송 직원 채용 공고,2026.06.24,2026.07.09,진행중,기타,False,학력무관,0,0,,전공무관,,,필요
405,한국기상산업기술원,2026년도 제3회 공개채용,2026.06.24,2026.07.08,진행중,기타,False,고졸,0,0,,전공무관,,,무관
406,국립광주과학관,국립광주과학관 2026년도 제4회 직원 공개 및 제한경쟁 채용공고,2026.06.24,2026.07.10,진행중,기타,False,학력무관,0,0,,전공무관,,,무관
407,국립광주과학관,국립광주과학관 2026년도 AI라운지 사업 프로젝트 계약직 공개경쟁 채용,2026.06.24,2026.07.10,진행중,기타,False,전문학사,0,0,,전공무관,,,무관
408,국립공원공단,[소백산생태탐방원] 2026년 소백산생태탐방원 국립공원지킴이(녹색순찰대) 채용(2차) 재공고,2026.06.24,2026.07.06,마감,공무기능,False,학력무관,0,0,,전공무관,,,무관
409,한국도로공사,한국도로공사 도로교통연구원 기간제근로자(연구원) 채용공고,2026.06.24,2026.07.01,마감,연구전문,False,석사,12,36,,관련 전공(공고별 상이),,,필요
410,근로복지공단,[대구병원] 공무직(시설경비원) 채용 공고,2026.06.24,2026.07.01,마감,기술설비,False,고졸,12,36,,전기공학과,TOEIC,650,필요
411,근로복지공단,[대구병원] 공무직(사무원) 채용 공고,2026.06.24,2026.07.01,마감,공무기능,False,학력무관,24,48,"조리사,지게차운전기능사",전공무관,,,무관
412,근로복지공단,[안산병원] 공무직(전기기계통신기사-기계분야) 채용 공고,2026.06.24,2026.07.01,마감,기술설비,False,학력무관,0,0,,전공무관,,,무관
413,민주화운동기념사업회,민주화운동기념사업회 2026년 제3차 직원 (공무직_ 기간제) 채용 공고,2026.06.24,2026.07.09,진행중,공무기능,False,학력무관,0,0,,전공무관,,,무관
414,한국환경연구원,[한국환경연구원] 임시직(생태) 채용 공고(0624),2026.06.24,2026.07.09,진행중,연구전문,False,박사,36,72,,전공무관,TOEIC,800,무관
415,시청자미디어재단,시청자미디어재단 2026년 제3차 채용 공고(무기계약직_ 기간제계약직),2026.06.24,2026.07.09,진행중,기술설비,False,전문학사,0,0,,전공무관,,,무관
416,국방과학연구소,국방과학연구소 부설 국방신속획득기술연구원 2026년도 2차 공개채용,2026.06.24,2026.07.10,진행중,연구전문,False,박사,36,72,,전공무관,,,무관
417,(주)한국가스기술공사,한국가스기술공사 관로검사 기간제계약직 채용 공고,2026.06.24,2026.07.09,진행중,기타,False,전문학사,0,0,,전공무관,,,필요
418,한국해양수산개발원,2026년 한국해양수산개발원 제2차 청년인턴(체험형) 신규 채용 공고,2026.06.24,2026.07.07,마감,기타,True,고졸,0,0,,전공무관,,,무관
419,한국해양수산개발원,2026년 한국해양수산개발원 제3차 기간제근로자(사무직) 채용 공고,2026.06.24,2026.07.15,진행중,사무행정,False,학사,12,36,전산회계,회계학과,,,필요
420,한국해양수산개발원,2026년 한국해양수산개발원 제3차 기간제근로자(연구직) 채용 공고,2026.06.24,2026.07.15,진행중,연구전문,False,박사,36,72,,관련 전공(공고별 상이),TOEIC Speaking,800,무관
421,대한무역투자진흥공사,2026년 KOTRA 행정직 채용 공고,2026.06.24,2026.07.10,진행중,사무행정,False,학력무관,0,0,,전공무관,,,무관
422,한국장애인개발원,[제2026-75호] 유니버설디자인환경부(UD환경정책기획팀) 기간제 계약직 채용 공고,2026.06.24,2026.07.10,진행중,기타,False,학력무관,12,36,,전공무관,TOEIC Speaking,650,무관
423,한국산업안전보건공단,[안전보건공단 서울광역본부] 강원동부지사 업무직 보훈제한경쟁(환경미화원) 채용공고,2026.06.24,2026.07.06,마감,의료보건,False,학사,36,60,"약사,응급구조사",임상병리학과,TOEIC Speaking,650,무관
424,한전KDN,한전KDN(주) 강남지사 배전자동화 분야 작업원 모집공고,2026.06.24,2026.07.08,진행중,공무기능,False,학력무관,0,0,지게차운전기능사,전공무관,,,무관
425,한국마약퇴치운동본부,한국마약퇴치운동본부 2026년 제3차 채용공고,2026.06.24,2026.07.08,진행중,기타,False,전문학사,0,0,,전공무관,,,무관
426,국립중앙의료원,계약직 연구원-휴직대체(충남응급의료지원센터) 채용 재공고,2026.06.24,2026.07.06,마감,연구전문,False,학사,36,72,,관련 전공(공고별 상이),OPIc,650,필요
427,근로복지공단,[청주지사] 기간제(보험가입조사원) 채용 공고,2026.06.24,2026.07.01,마감,기타,False,학력무관,0,0,,전공무관,,,무관
428,학교법인한국폴리텍,한국폴리텍대학 충남캠퍼스 업무직(대학운영직 조리사) 채용 공고,2026.06.24,2026.07.01,마감,공무기능,False,학력무관,24,48,지게차운전기능사,전공무관,,,무관
429,근로복지공단,[용인지사] 청년(체험형)인턴 채용 공고,2026.06.24,2026.07.01,마감,기타,True,학력무관,0,0,,전공무관,,,무관
430,학교법인한국폴리텍,한국폴리텍대학 충남캠퍼스 비정규직(업무지원직 식당업무보조) 채용 공고,2026.06.24,2026.07.01,마감,기타,False,학력무관,12,36,,전공무관,,,무관
431,육아정책연구소,(수정) [제2026-11호] 육아정책연구소 계약직 행정원(대체근무자) 채용 ,2026.06.24,2026.07.08,진행중,연구전문,False,석사,12,36,,전공무관,OPIc,600,필요
432,산업연구원,2026년 제9차 위촉직원 채용공고,2026.06.24,2026.07.09,진행중,기타,False,학력무관,36,60,,전공무관,,,필요
433,한전KPS(주),한전KPS(주) 영흥사업처 4호기 계획예방정비공사 단기노무원 모집(기술부),2026.06.24,2026.06.26,마감,기술설비,False,학력무관,36,60,토목기사,토목공학과,,,무관
434,한국장애인개발원,[제2026-74호] 2026년도 제4차 서울시장애아동·발달장애인지원센터 기간제 계약직 채용 공고,2026.06.24,2026.07.09,진행중,상담복지,False,전문학사,12,36,사회복지사 1급,심리학과,,,필요
435,국민연금공단,본부 공무직(시설직) 공개채용,2026.06.24,2026.07.01,마감,기술설비,False,학사,0,0,산업안전기사,전기공학과,,,필요
436,국립생태원,2026년 제5차 국립생태원 기간제근로자(수탁과제) 채용 공고,2026.06.24,2026.07.09,진행중,기타,False,학력무관,36,60,,전공무관,,,무관
437,한국산업은행,한국산업은행 2026년 2차 청년인턴 채용공고,2026.06.24,2026.07.09,진행중,기타,True,전문학사,0,0,,전공무관,,,무관
438,KDI국제정책대학원,[KDI국제정책대학원] 2026년 제7차 위촉직 채용(교육행정_ 연구행정),2026.06.24,2026.07.09,진행중,교육교원,False,석사,12,36,교원자격증,해당 교과 전공,TOEIC Speaking,600,무관
439,서울요양원,국민건강보험공단 서울요양원 직원 채용공고,2026.06.23,2026.07.07,마감,기타,False,전문학사,0,0,,전공무관,,,무관
440,한국장애인개발원,[제2026-69호] 2026년도 제4차 전북특별자치도장애아동ㆍ발달장애인지원센터 기간제 계약직 채용 공고,2026.06.23,2026.06.30,마감,상담복지,False,학사,36,60,,아동학과,,,무관
441,국립공원공단,국립공원공단 공무직(사무행정_비서) 직원 채용,2026.06.23,2026.07.07,마감,공무기능,False,고졸,12,24,,전공무관,,,무관
442,학교법인한국폴리텍,한국폴리텍대학 아산캠퍼스 대학운영직(경비원_일반) 채용 공고,2026.06.23,2026.07.01,마감,공무기능,False,전문학사,0,0,,전공무관,,,무관
443,정보통신기획평가원,정보통신기획평가원 직원채용(위촉직(6G사업단) 공고,2026.06.23,2026.07.09,진행중,IT전산,False,학사,0,0,,정보통신공학과,OPIc,800,필요
444,학교법인한국폴리텍,한국폴리텍대학 충주캠퍼스 업무직(대학운영직_조리원) 채용 공고,2026.06.23,2026.06.30,마감,공무기능,False,학력무관,0,0,,전공무관,,,무관
445,게임물관리위원회,게임물관리위원회 기간제근로 직원(박사/영어특기자_ 육아휴직대체자 등)채용 공고,2026.06.23,2026.07.08,진행중,사무행정,False,학사,0,0,컴퓨터활용능력 1급,행정학과,TOEIC Speaking,650,필요
446,한국공정거래조정원,한국공정거래조정원 2026년 제3차 기간제 근로자 채용 공고,2026.06.23,2026.07.10,진행중,기타,False,학력무관,36,60,,전공무관,,,필요
447,게임물관리위원회,게임물관리위원회 무기계약직 채용공고,2026.06.23,2026.07.08,진행중,기술설비,False,고졸,36,60,산업안전기사,전공무관,,,무관
448,(재)우체국시설관리단,(재)우체국시설관리단 현장직원 2026년도 8차 통합 채용 공고(기술_ 경비_ 미화_ 기타),2026.06.23,2026.07.07,마감,기술설비,False,학력무관,0,0,기계정비산업기사,전공무관,,,무관
449,국립공원공단,[중부지역본부] 국립공원공단 중부권역 내 공무직(환경관리_청사미화) 직원 채용 재공고,2026.06.23,2026.06.28,마감,기술설비,False,학사,12,36,산업안전기사,전공무관,,,무관
450,한국석유공사,한국석유공사 2026년 하반기 인턴(체험형) 채용 공고,2026.06.23,2026.07.08,진행중,기타,True,학력무관,0,0,,전공무관,,,무관
451,근로복지공단,[순천병원] 별정직 의사(내과) 채용 공고,2026.06.23,2026.07.03,마감,의료보건,False,학사,0,0,"물리치료사,방사선사",전공무관,,,무관
452,근로복지공단,[순천병원] 기간제 의사(응급의학과) 채용 공고,2026.06.23,2026.07.03,마감,의료보건,False,전문학사,0,0,요양보호사,물리치료학과,,,무관
453,한국환경공단,한국환경공단 수도권서부환경본부 2026년도 제3차 수탁폐수 전자인계인수관리시스템 운영 기간제근로자(촉탁라급) 채용 공고,2026.06.23,2026.07.09,진행중,IT전산,False,학사,36,72,"정보처리기사,SQLD",전공무관,,,필요
454,한국원자력의학원,별정직 직원모집 공고(건강증진센터),2026.06.23,2026.07.08,진행중,기타,False,학력무관,0,0,,전공무관,,,무관
455,한국환경연구원,[한국환경연구원] 2026년 제2차 인력채용(부연구위원) 공고,2026.06.23,2026.07.08,진행중,연구전문,False,석사,36,72,,관련 전공(공고별 상이),,,무관
456,축산물품질평가원,2026년 상반기 2차 신규직원 체험형 청년인턴(장애) 채용,2026.06.23,2026.07.08,진행중,사무행정,True,학사,0,0,,전공무관,,,무관
457,한국소비자원,2026년 한국소비자원 제1차 공무직(운전원_ 시설관리) 채용 공고,2026.06.23,2026.07.08,진행중,기술설비,False,학사,12,36,전기기사,전공무관,TOEIC,700,무관
458,축산물품질평가원,2026년 상반기 2차 신규직원 보훈특별고용(행정직) 채용,2026.06.23,2026.07.08,진행중,사무행정,False,전문학사,0,0,,경영학과,,,무관
459,축산물품질평가원,2026년 상반기 2차 신규직원 행정직(6급) 채용,2026.06.23,2026.07.08,진행중,사무행정,False,전문학사,12,36,,전공무관,TOEIC Speaking,800,무관
460,한국철도공사,2026년도 한국철도공사 개방형직위 채용공고,2026.06.23,2026.07.07,마감,기타,False,학력무관,0,0,,전공무관,,,무관
461,학교법인한국폴리텍,2026년 한국폴리텍대학 영주캠퍼스 업무직(대학운영직 조리원) 채용 공고,2026.06.23,2026.07.03,마감,공무기능,False,고졸,12,24,,전공무관,,,무관
462,한국농촌경제연구원,한국농촌경제연구원 2026-8차(재공모) 계약직 채용 공고,2026.06.23,2026.07.03,마감,연구전문,False,학사,0,0,,관련 전공(공고별 상이),OPIc,600,무관
463,한국환경연구원,[한국환경연구원] 임시직(하수도 관리 정책) 채용 공고(0623),2026.06.23,2026.07.08,진행중,연구전문,False,학사,12,36,,관련 전공(공고별 상이),TOEIC Speaking,650,무관
464,한국전력공사,2026년 제2차 장애인 체험형인턴 채용 [경남본부] ,2026.06.23,2026.07.07,마감,기타,True,학사,0,0,,전공무관,,,무관
465,국립공원공단,[속리산] 속리산국립공원사무소 기간제(수상안전) 직원 채용,2026.06.23,2026.07.07,마감,기술설비,False,전문학사,36,60,토목기사,토목공학과,,,무관
466,국립공원공단,[북한산] 북한산국립공원사무소 기간제(수익시설)직원 채용,2026.06.23,2026.07.08,진행중,기술설비,False,전문학사,12,36,전기기사,전기공학과,,,무관
467,한국과학기술기획평가원,혁신전략본부 인재전략센터 육아휴직 대체인력 채용 공고,2026.06.23,2026.07.08,진행중,기타,False,고졸,36,60,,전공무관,,,무관
468,국립공원공단,[속리산] 속리산국립공원사무소 기간제 국립공원지킴이 선발 공고,2026.06.23,2026.07.07,마감,공무기능,False,고졸,12,24,,전공무관,,,무관
469,대한적십자사,서울동부혈액원 비정규직 육아휴직 대체(사무보조원) 채용 공고,2026.06.23,2026.07.08,진행중,사무행정,False,학사,36,60,,회계학과,TOEIC Speaking,600,무관
470,한국해양과학기술원,[제26-01-01호 및 제26-02-02호]한국해양과학기술원 2026년 2차 직원(정규직/무기계약직) 공개채용,2026.06.23,2026.07.08,진행중,기술설비,False,전문학사,36,60,기계정비산업기사,토목공학과,,,무관
471,한전KPS(주),한전KPS(주)남제주사업소 기력2호기 계획예방정비공사 단기노무원 채용 공고,2026.06.23,2026.06.25,마감,기술설비,False,전문학사,36,60,건축기사,전공무관,,,필요
472,국가평생교육진흥원,[NCS기반 블라인드 채용] 2026년 국가평생교육진흥원 무기계약직 채용 공고,2026.06.23,2026.07.07,마감,기술설비,False,전문학사,0,0,토목기사,전공무관,TOEFL,600,무관
473,한국토지주택공사,한국토지주택공사 강원지역본부 기간제근로자(전세사기 피해자 지원 업무 보조) 채용공고,2026.06.23,2026.07.08,진행중,기타,False,학력무관,12,36,,전공무관,,,무관
474,주택관리공단(주),채용형 인턴 채용공고(주택관리공단 대전충남지사),2026.06.23,2026.06.30,마감,사무행정,True,학사,0,0,,전공무관,,,무관
475,한국임업진흥원,2026년도 한국임업진흥원 인재채용(기간제 3차) 공고,2026.06.22,2026.07.07,마감,기타,False,고졸,0,0,,전공무관,,,무관
476,대한적십자사,서울남부혈액원 기간제(한시적) 운전원 채용 공고 ,2026.06.22,2026.07.07,마감,공무기능,False,학력무관,0,0,운전면허 1종,전공무관,,,무관
477,대한적십자사,서울남부혈액원 비정규직 대체인력 임상병리사 채용공고,2026.06.22,2026.07.07,마감,의료보건,False,학사,12,36,약사,전공무관,OPIc,700,무관
478,대한적십자사,서울남부혈액원 비정규직 대체인력 간호사 채용공고  ,2026.06.22,2026.07.07,마감,의료보건,False,학사,12,36,"임상병리사,약사",전공무관,,,무관
479,한국토지주택공사,한국토지주택공사 경기북부지역본부 기간제근로자 채용공고('26년 6월),2026.06.22,2026.07.08,진행중,기타,False,학력무관,0,0,,전공무관,,,무관
480,주택도시보증공사,2026년도 주택도시보증공사 정규직(경영지원직) 채용공고,2026.06.22,2026.07.08,진행중,사무행정,False,전문학사,36,60,,전공무관,,,무관
481,주택도시보증공사,2026년도 주택도시보증공사 정규직(신입직) 채용공고,2026.06.22,2026.07.08,진행중,기타,False,고졸,0,0,,전공무관,,,무관
482,한국연구재단,한국연구재단 PM(뇌·첨단의공학단장) 초빙 공고,2026.06.22,2026.07.13,진행중,기타,False,학력무관,36,60,,전공무관,,,필요
483,국립공원공단,[설악산] 설악산국립공원 기간제 직원[수익시설] 채용 공고,2026.06.22,2026.07.06,마감,기술설비,False,고졸,36,60,,토목공학과,,,무관
484,한국남동발전(주),2026년 강릉발전본부 기간제근로자(간호사_ 휴직대체) 채용공고,2026.06.22,2026.07.06,마감,의료보건,False,전문학사,0,0,간호사,전공무관,,,무관
485,KDI국제정책대학원,[KDI국제정책대학원] 2026년도 제2차 비전임교원 채용,2026.06.22,2026.07.07,마감,교육교원,False,석사,36,72,교원자격증,해당 교과 전공,,,무관
486,한국수력원자력(주),2026년도 제4차 경력사원(전문계약직) 선발,2026.06.22,2026.07.08,진행중,기타,False,학력무관,0,0,,전공무관,,,무관
487,근로복지공단,[창원병원] 기간제 의사(응급실전담의) 채용 공고,2026.06.22,2026.07.20,진행중,의료보건,False,석사,36,60,약사,전공무관,,,무관
488,근로복지공단,[창원병원] 기간제 의사(영상의학과) 채용 공고,2026.06.22,2026.07.20,진행중,의료보건,False,석사,12,36,임상병리사,전공무관,OPIc,800,무관
489,한국형사·법무정책연구원,한국형사·법무정책연구원 2026년도 제8차 채용공고[인턴연구원],2026.06.22,2026.07.06,마감,연구전문,False,학사,36,72,,관련 전공(공고별 상이),,,무관
490,근로복지공단,[대구북부지사] 청년(체험형)인턴 채용 공고,2026.06.22,2026.06.29,마감,기타,True,학력무관,0,0,,전공무관,,,무관
491,한국보훈복지의료공단,[보훈원] 비정규직(조리원_ 간호조무사) 직원 채용,2026.06.22,2026.07.02,마감,의료보건,False,학사,12,36,"응급구조사,약사",보건행정학과,,,무관
492,근로복지공단,[경인지역본부] 공무직 직원 채용 공고,2026.06.22,2026.06.29,마감,공무기능,False,학력무관,0,0,,전공무관,,,무관
493,국립공원공단,[다도해서부] 다도해해상국립공원서부사무소 기간제[한시인력(수익시설_환경관리)] 직원 채용,2026.06.22,2026.06.26,마감,기술설비,False,전문학사,36,60,,기계공학과,,,무관
494,기초과학연구원,2026-7회 생명과학 연구클러스터 연구직 채용 공고,2026.06.22,2026.07.09,진행중,연구전문,False,학사,36,72,,전공무관,,,무관
495,학교법인한국폴리텍,한국폴리텍대학 항공캠퍼스 대학운영직(조리원) 2차 공개채용 공고,2026.06.22,2026.07.01,마감,공무기능,False,학력무관,0,0,,전공무관,,,무관
496,한국산업안전보건공단,[안전보건공단 산업안전보건연구원(대전)] 업무직(시설관리원) 채용공고,2026.06.22,2026.07.03,마감,의료보건,False,학사,12,36,"응급구조사,임상병리사",임상병리학과,,,무관
497,한국장애인개발원,[제2026-73호] 2026년도 제3차 광주광역시장애아동·발달장애인지원센터 장애아동지원팀_ 개인별지원1팀(육아휴직대체)_ 운영지원팀(육아휴직대체) 기간제 계약직 채용 공고,2026.06.22,2026.07.07,마감,상담복지,False,학사,36,60,사회복지사 1급,전공무관,,,필요
498,한국건강증진개발원,한국건강증진개발원 2026년 제3차 위촉전문원 채용 연장공고,2026.06.22,2026.07.01,마감,연구전문,False,학사,0,0,,관련 전공(공고별 상이),,,무관
499,한국농어촌공사,한국농어촌공사 충남지역본부_ 천안지사 계약직(육아휴직 대체인력) 채용 공고,2026.06.22,2026.07.07,마감,기타,False,전문학사,0,0,,전공무관,,,무관
500,주택관리공단(주),채용형 인턴 채용공고(주택관리공단 경남지사),2026.06.22,2026.06.29,마감,사무행정,True,전문학사,0,0,,전공무관,,,무관
501,주택관리공단(주),채용형 인턴 채용공고(주택관리공단 광주전남지사),2026.06.22,2026.06.29,마감,사무행정,True,학력무관,0,0,,전공무관,,,무관
502,한국청소년활동진흥원,2026년 제2차 한국청소년활동진흥원 직원(기간제) 채용 공고,2026.06.22,2026.07.07,마감,공무기능,False,학력무관,0,0,,전공무관,,,무관
503,경상국립대학교병원,[창원경상국립대학교병원] 전문직1등급(촉탁의) 채용공고,2026.06.22,2026.12.31,진행중,기타,False,학력무관,36,60,,전공무관,,,무관
504,한국청소년활동진흥원,2026년 제2차 한국청소년활동진흥원 직원(일반직_ 공무직) 채용 공고,2026.06.22,2026.07.07,마감,공무기능,False,고졸,24,48,"조리사,운전면허 1종",전공무관,,,무관
505,KDI국제정책대학원,[KDI국제정책대학원] 2026년 제6차 인턴 채용(교육행정/대외협력팀),2026.06.22,2026.07.07,마감,교육교원,False,학사,36,72,교원자격증,해당 교과 전공,,,무관
506,한전KPS(주),한전KPS(주)원자력정비기술센터 단기노무원(사무보조_ 안전관리자)모집 ,2026.06.22,2026.06.24,마감,기술설비,False,고졸,12,36,토목기사,전기공학과,,,무관
507,학교법인한국폴리텍,한국폴리텍대학 원주캠퍼스 청년인턴(장애) 채용 3차 재공고,2026.06.22,2026.06.29,마감,기타,True,학사,0,12,,전공무관,,,무관
508,국립생태원,2026년 제4차 국립생태원 기간제근로자(수탁과제) 채용 재공고,2026.06.22,2026.07.06,마감,기타,False,학력무관,0,0,,전공무관,,,무관
509,한국발명진흥회,한국발명진흥회 평가관리본부장 직위 공모,2026.06.22,2026.07.06,마감,사무행정,False,학력무관,0,0,전산회계,경영학과,,,필요
510,충북대학교병원,2026년 6월 2차 충북대학교병원 기간제근무자 모집 공고,2026.06.22,2026.07.06,마감,기타,False,전문학사,12,36,,전공무관,,,무관
511,한국농어촌공사,한국농어촌공사 예산지사 공무직(청소원) 보훈·장애인 제한경쟁 채용공고,2026.06.22,2026.07.07,마감,공무기능,False,전문학사,0,0,,전공무관,,,무관
512,한국노동연구원,한국노동연구원 기간제 연구원(연구직) 채용 공고,2026.06.22,2026.07.06,마감,연구전문,False,박사,36,72,,관련 전공(공고별 상이),TOEIC Speaking,650,무관
513,국립공원공단,[변산반도생태탐방원] 2026년 3차 변산반도생태탐방원 기간제[한시인력(수익시설)] 직원 채용,2026.06.22,2026.06.26,마감,기술설비,False,전문학사,0,0,전기기사,건축공학과,,,무관
514,한국환경공단,2026년 한국환경공단 제주지사 폐기물적정처리추진센터 운영 사업 기간제근로자(촉탁라급) 채용 공고,2026.06.22,2026.07.06,마감,기타,False,고졸,0,0,,전공무관,,,무관
515,한국과학기술기획평가원,한국과학기술기획평가원(KISTEP)성장동력투자전략센터 육아휴직 대체인력 채용 재공고(3차),2026.06.22,2026.07.02,마감,기타,False,학력무관,0,0,,전공무관,,,필요
516,한국승강기안전공단,한국승강기안전공단 2026년 하반기 업무직_체험형인턴 채용 공고,2026.06.22,2026.07.07,마감,기술설비,True,고졸,0,0,,전공무관,,,무관
517,전쟁기념사업회,전쟁기념사업회 2026-2차 직원 채용 공고,2026.06.20,2026.07.07,마감,기타,False,학력무관,12,36,,전공무관,,,무관
518,대한적십자사,경인권역재활병원 비정규직(기간제) 영양사 채용 공고(2026.7.14.임용),2026.06.19,2026.07.05,마감,의료보건,False,학사,36,60,약사,간호학과,,,무관
519,대한적십자사,경인권역재활병원 비정규직(기간제) 방사선사 채용 공고(2026.7.14.임용),2026.06.19,2026.07.05,마감,의료보건,False,학사,36,60,,물리치료학과,,,필요
520,한국보건사회연구원,한국보건사회연구원 계약직 채용 공고(6월 3주차_사회서비스_ 사회정책),2026.06.19,2026.07.06,마감,의료보건,False,학사,0,0,,간호학과,TOEIC,600,무관
521,국립중앙의료원,계약직 전문의(서울인천광역응급의료상황팀) 채용 재공고,2026.06.19,2026.06.29,마감,의료보건,False,학사,0,0,요양보호사,전공무관,,,무관
522,국립부산과학관,2026년도 국립부산과학관 제1차 기간제근로자 채용공고,2026.06.19,2026.07.07,마감,기타,False,고졸,36,60,,전공무관,,,필요
523,에너지경제연구원,[에너지경제연구원] 위촉연구원 채용공고(해외에너지동향분석실),2026.06.19,2026.07.03,마감,연구전문,False,박사,36,72,,전공무관,,,무관
524,부산대학교병원,2026년도 하반기 전문의료인력 모집 공고,2026.06.19,2026.07.06,마감,의료보건,False,학사,0,0,,전공무관,TOEIC Speaking,650,무관
525,강원대학교병원,2026-33(대체근로자) 채용 공고,2026.06.19,2026.07.03,마감,기타,False,학사,36,60,,전공무관,,,무관
526,강원대학교병원,2026-32(업무협력직) 채용 공고,2026.06.19,2026.07.03,마감,기타,False,학력무관,0,0,,전공무관,,,무관
527,한국가스안전공사,한국가스안전공사 개방형직위 모집공고,2026.06.19,2026.07.07,마감,기술설비,False,전문학사,36,60,토목기사,전공무관,,,필요
528,한국도박문제예방치유원,(수정) 2026년 제3차 한국도박문제예방치유원 직원 채용 공고,2026.06.19,2026.07.05,마감,기타,False,전문학사,0,0,,전공무관,,,무관
529,강원대학교병원,2026-31(일반직·원무직) 채용 공고,2026.06.19,2026.07.03,마감,사무행정,False,학사,12,36,,전공무관,TOEFL,700,무관
530,강원대학교병원,2026-30(약무직) 채용 공고,2026.06.19,2026.07.03,마감,의료보건,False,학사,36,60,"방사선사,응급구조사",물리치료학과,,,필요
531,서울올림픽기념국민체육진흥공단,서울올림픽기념국민체육진흥공단 광명경륜공원 스포츠센터 지원직 채용 공고,2026.06.19,2026.07.03,마감,기타,False,전문학사,0,0,,전공무관,,,무관
532,서울올림픽기념국민체육진흥공단,서울올림픽기념국민체육진흥공단 경륜·경정 지원직 채용 공고,2026.06.19,2026.07.03,마감,기타,False,전문학사,12,36,,전공무관,,,무관
533,근로복지공단,[동해병원] 기간제 의사(응급실전담의) 채용 공고,2026.06.19,2026.06.26,마감,의료보건,False,학사,12,36,방사선사,전공무관,,,무관
534,(재)우체국물류지원단,우체국물류지원단 대전지사 청주사업소 기간제(운전직_ 연차자대체) 채용 공고,2026.06.19,2026.06.25,마감,기타,False,전문학사,0,0,,전공무관,,,무관
535,서울올림픽기념국민체육진흥공단,서울올림픽기념국민체육진흥공단 경륜·경정 조리원 채용 공고,2026.06.19,2026.07.03,마감,공무기능,False,전문학사,0,0,,전공무관,,,무관
536,근로복지공단,[동해병원] 기간제 의사(진단검사의학과 또는 병리과) 채용 공고,2026.06.19,2026.06.26,마감,의료보건,False,학사,36,60,임상병리사,약학과,TOEIC Speaking,800,무관
537,근로복지공단,[순천병원] 기간제 의사(응급의학과) 채용 공고,2026.06.19,2026.07.02,마감,의료보건,False,학사,0,0,"방사선사,간호사",전공무관,,,필요
538,충북대학교병원,2026년도 제3차 충북대학교병원 신규직원 블라인드 채용 공고,2026.06.19,2026.07.03,마감,사무행정,False,학사,12,36,컴퓨터활용능력 2급,전공무관,,,무관
539,한국환경공단,한국환경공단 충청권환경본부 환경시설관리처 기간제근로자(촉탁직_ 일용직) 채용 공고,2026.06.19,2026.07.03,마감,기술설비,False,학사,36,60,토목기사,전공무관,,,필요
540,한국식품산업클러스터진흥원,한국식품산업클러스터진흥원 2026년 사업본부장(별급) 채용 공고,2026.06.19,2026.07.03,마감,기타,False,학력무관,0,0,,전공무관,,,무관
541,한국특허기술진흥원,한국특허기술진흥원 기간제계약직(휴직대체) 채용 안내,2026.06.19,2026.07.03,마감,기타,False,고졸,12,36,,전공무관,,,필요
542,한국개발연구원,KDI 초빙연구위원 채용 공고,2026.06.19,2026.07.03,마감,연구전문,False,석사,0,0,,관련 전공(공고별 상이),,,무관
543,한국전력공사,2026년 3차 장애인 체험형인턴 채용공고[대전세종충남본부],2026.06.19,2026.07.03,마감,기타,True,학력무관,0,12,,전공무관,,,무관
544,자동차손해배상진흥원,자동차손해배상진흥원 청년인턴(체험형) 채용,2026.06.19,2026.07.06,마감,기타,True,전문학사,0,0,,전공무관,,,무관
545,동남권원자력의학원,(수정) [직원채용] 동남권원자력의학원 박사후 연수연구원(첨단방사선종양연구팀) 공개 채용,2026.06.19,2026.07.21,진행중,연구전문,False,학사,36,72,,관련 전공(공고별 상이),,,필요
546,한전KPS(주),한전KPS청평양수사업소 단기노무원 모집(화천수력 현대화공사),2026.06.19,2026.06.22,마감,공무기능,False,학력무관,24,48,,전공무관,,,무관
547,국립공원공단,[태백산] 태백산국립공원사무소 하반기 탐방로 보수전담팀 기간제(한시인력) 직원 채용 공고,2026.06.19,2026.06.25,마감,사무행정,False,학사,12,36,,행정학과,TOEIC,800,무관
548,경북대학교병원,2026년 6월 제2차 임시직원 모집 공고 (시설기술(설비)_ 간호_ 별정(약물분석연구원)),2026.06.19,2026.06.24,마감,의료보건,False,학사,0,0,"임상병리사,요양보호사",임상병리학과,,,무관
549,한전KPS(주),한전KPS(주)양양양수사업소 경상정비 단기노무원 채용,2026.06.19,2026.06.24,마감,기술설비,False,학사,0,0,,기계공학과,,,무관
550,한국조세재정연구원,[한국조세재정연구원] 공공기관연구센터 소장 초빙,2026.06.19,2026.07.03,마감,연구전문,False,박사,12,36,,관련 전공(공고별 상이),,,무관
551,한국환경공단,한국환경공단 전북환경본부 호남권미래폐자원거점수거센터운영 기간제근로자(촉탁라급) 채용 공고,2026.06.18,2026.07.03,마감,기타,False,고졸,36,60,,전공무관,,,무관
552,국민건강보험공단 일산병원,2026년도 의사직(전문계약직-건강증진센터 문진의) 모집 공고,2026.06.18,2026.07.07,마감,의료보건,False,학사,12,36,요양보호사,약학과,,,필요
553,국립공원공단,[속리산] 속리산국립공원사무소 기간제 (자원보전-ASF) 직원 채용 추가접수 재공고,2026.06.18,2026.06.22,마감,사무행정,False,학사,36,60,전산회계,전공무관,,,무관
554,한국보훈복지의료공단,[대전보훈병원] 전문의(일반내과_ 외과_ 호스피스완화의료센터장) 채용 공고,2026.06.18,2026.07.02,마감,의료보건,False,학사,36,60,응급구조사,물리치료학과,,,무관
555,한국환경공단,한국환경공단 수도권동부환경본부 환경시설관리처 기간제 근로자(촉탁직_ 일용직) 채용 공고,2026.06.18,2026.07.02,마감,기술설비,False,고졸,0,0,기계정비산업기사,전공무관,,,필요
556,국립공원공단,[월출산] 월출산국립공원사무소 국립공원지킴이 모집 공고,2026.06.18,2026.06.29,마감,공무기능,False,학력무관,12,24,지게차운전기능사,전공무관,,,무관
557,서울대학교병원,임상교수요원 공개채용,2026.06.18,2026.07.03,마감,교육교원,False,박사,36,72,,해당 교과 전공,,,무관
558,한국도로공사,한국도로공사 공주지사 기간제근로자(운전원) 채용공고,2026.06.18,2026.06.25,마감,공무기능,False,고졸,0,0,,전공무관,,,무관
559,정보통신정책연구원,정보통신정책연구원 정규직 직원(연구책임자 및 연구원) 채용공고,2026.06.18,2026.07.03,마감,IT전산,False,학력무관,36,72,정보처리기사,전공무관,,,무관
560,학교법인한국폴리텍,2026년 한국폴리텍대학 울산캠퍼스 청년인턴(장애) 채용 공고,2026.06.18,2026.06.26,마감,기타,True,학사,0,0,,전공무관,,,무관
561,한전KDN,한전KDN(주) 충북사업처 배전자동화 비정규직 모집공고,2026.06.18,2026.07.02,마감,공무기능,False,고졸,0,0,,전공무관,,,무관
562,국립공원공단,[한려동부] 2026년 한려해상국립공원동부사무소 한시인력(수상안전관리원) 직원 채용,2026.06.18,2026.06.23,마감,기술설비,False,학사,0,0,"전기기사,기계정비산업기사",전공무관,,,필요
563,부산대학교병원,2026년도 6월 블라인드 공개채용 국비계약직(간호사) 모집 공고,2026.06.18,2026.07.03,마감,의료보건,False,전문학사,0,0,응급구조사,약학과,,,무관
564,부산대학교병원,2026년도 6월 블라인드 공개채용 계약직(간호직_ 보건직_ 연구직(수의사)_ 전산직_ 행정직_ 간호조무직_ 원무직) 모집 공고,2026.06.18,2026.07.03,마감,의료보건,False,전문학사,36,60,요양보호사,전공무관,,,무관
565,(재)우체국시설관리단,(재)우체국시설관리단 (본사) 개방형 계약직 채용 공고,2026.06.18,2026.07.03,마감,기술설비,False,전문학사,0,0,,기계공학과,,,무관
566,(재)우체국물류지원단,2026년도 우체국물류지원단 하반기 통합채용(공무직_소포) 재공고,2026.06.18,2026.07.02,마감,공무기능,False,고졸,0,0,,전공무관,,,무관
567,(재)우체국물류지원단,2026년도 우체국물류지원단 하반기 통합채용(개방형직위_부평물류사업소장) 재공고,2026.06.18,2026.07.02,마감,기타,False,학사,12,36,,전공무관,,,무관
568,한국직업능력연구원,[한국직업능력연구원] 2026년도 제4차 직원(박사급 연구인력) 채용 공고,2026.06.18,2026.07.17,진행중,연구전문,False,박사,12,36,,관련 전공(공고별 상이),OPIc,750,필요
569,부산대학교병원,국비계약직(간호직) 공개채용 모집 공고,2026.06.18,2026.07.03,마감,의료보건,False,학사,36,60,약사,간호학과,,,무관
570,주택관리공단(주),채용형 인턴 채용공고(주택관리공단 대구경북지사),2026.06.18,2026.06.25,마감,사무행정,True,전문학사,0,12,,전공무관,,,무관
571,주택관리공단(주),채용형 인턴 채용공고(주택관리공단 대구경북지사),2026.06.18,2026.06.25,마감,사무행정,True,학력무관,0,12,,전공무관,,,무관
572,한국직업능력연구원,[한국직업능력연구원] 2026년도 제3차 직원(연구원) 채용 공고(국제개발협력 분야),2026.06.18,2026.07.03,마감,연구전문,False,박사,12,36,,관련 전공(공고별 상이),TOEIC Speaking,750,무관
573,부산대학교병원,계약직(보건직_간호조무직_행정직) 공개채용 모집 공고,2026.06.18,2026.07.03,마감,의료보건,False,전문학사,36,60,,전공무관,,,무관
574,한국보훈복지의료공단,[대전보훈요양원] 2026년 제3차 체험형 청년인턴(장애인) 채용 공고,2026.06.18,2026.07.06,마감,기타,True,학력무관,0,0,,전공무관,,,무관
575,(재)우체국물류지원단,우체국물류지원단 경인지사 부평권역 기간제(사무보조직_민원·손해배상 전담) 채용 공고,2026.06.18,2026.06.24,마감,사무행정,False,전문학사,0,0,컴퓨터활용능력 2급,전공무관,,,필요
576,학교법인한국폴리텍,한국폴리텍대학 동부산캠퍼스 체험형 청년인턴(일반) 채용,2026.06.18,2026.06.30,마감,기타,True,학력무관,0,0,,전공무관,,,무관
577,통일연구원,[통일연구원] 2026년 체험형 청년인턴(행정인턴) 공개채용 공고(제2026-06호),2026.06.18,2026.07.03,마감,연구전문,True,학사,0,0,,전공무관,,,무관
578,한국전력공사,2026년 제3차 기간제 근로자 채용 공고[경북본부],2026.06.18,2026.07.02,마감,기타,False,고졸,12,36,,전공무관,TOEIC,700,무관
579,한국장애인개발원,[제2026-72호] 2026년도 제3차 울산광역시장애아·발달장애인지원센터(개인별지원팀_ 장애아동지원팀) 기간제 계약직 채용 공고,2026.06.18,2026.07.03,마감,상담복지,False,전문학사,0,0,,심리학과,,,필요
580,한전KDN,한전KDN(주) 발전제어IT설비 보안점검 및 유지보수 프로젝트계약근로자 채용공고,2026.06.17,2026.06.27,마감,IT전산,False,전문학사,0,0,,전공무관,,,필요
581,국립공원공단,[소백산] 소백산사무소 기간제(환경관리) 직원 채용,2026.06.17,2026.06.22,마감,기술설비,False,학사,0,0,,전공무관,,,무관
582,한전KDN,한전KDN(주) 중부발전 ICT 설비 유지보수 프로젝트계약근로자 채용공고,2026.06.17,2026.07.02,마감,기술설비,False,학력무관,0,0,,전기공학과,TOEFL,800,무관
583,제주대학교병원,제주대학교병원 계약직(가정전문간호사_ 가정형 호스피스 전담간호사_ 적정진료비심사과_간호사) 모집공고,2026.06.17,2026.06.23,마감,의료보건,False,전문학사,0,0,임상병리사,보건행정학과,,,무관
584,제주대학교병원,제주대학교병원 사업인력 계약직(권역정신응급의료센터_보안인력_ 국가결핵관리사업_간호사_ 지역장애인보건의료센터_사회복지사_ 청각장애아동재활지원사업_언어재활사) 모집공고,2026.06.17,2026.06.23,마감,의료보건,False,학사,0,0,물리치료사,전공무관,,,무관
585,한국환경연구원,[한국환경연구원] 임시직(생태·자연환경) 채용 공고(0617),2026.06.17,2026.07.02,마감,연구전문,False,박사,12,36,,관련 전공(공고별 상이),,,필요
586,근로복지공단,[대전병원] 장애전형 청년(체험형)인턴 채용 공고,2026.06.17,2026.06.29,마감,기타,True,학력무관,0,0,,전공무관,,,무관
587,한국한의약진흥원,한국한의약진흥원 2026년도 제2차 채용공고(일반 및 사회형평적(장애인) 청년인턴),2026.06.17,2026.07.01,마감,의료보건,True,학사,0,0,,전공무관,,,무관
588,근로복지공단,[대전병원] 기간제 의사(내과) 채용 공고,2026.06.17,2026.06.29,마감,의료보건,False,전문학사,12,36,물리치료사,약학과,,,무관
589,근로복지공단,[대전병원] 별정직 의사(직업환경의학과) 채용 공고,2026.06.17,2026.06.29,마감,의료보건,False,전문학사,12,36,약사,전공무관,,,무관
590,근로복지공단,[대전병원] 기간제(조리사) 채용 공고,2026.06.17,2026.06.29,마감,공무기능,False,고졸,0,0,,전공무관,,,무관
591,학교법인한국폴리텍,한국폴리텍대학 제주캠퍼스 행정지원직(휴직자 대체) 채용 공고,2026.06.17,2026.06.24,마감,사무행정,False,전문학사,12,36,,전공무관,TOEIC Speaking,700,무관
592,한국수출입은행,한국수출입은행 2026년 별정직원(임시직_ 운전직 육아휴직 대체) 채용,2026.06.17,2026.07.02,마감,기타,False,전문학사,12,36,,전공무관,,,무관
593,한식진흥원,2026년 제3차 한식진흥원 공개채용 공고,2026.06.17,2026.07.03,마감,기타,False,전문학사,36,60,,전공무관,,,무관
594,공간정보품질관리원,공간정보품질관리원 2026년 제2차 기간제근로자 채용 공고,2026.06.17,2026.07.01,마감,사무행정,False,전문학사,0,0,"MOS,전산회계",전공무관,,,필요
595,대한적십자사,대구경북혈액원 비정규직(한시적근로자/장애인) 사무보조원 채용공고,2026.06.17,2026.07.02,마감,사무행정,False,학사,12,36,컴퓨터활용능력 2급,전공무관,,,무관
596,대한적십자사,대구경북혈액원 비정규직(한시적근로자) 사무보조원 채용공고,2026.06.17,2026.07.02,마감,사무행정,False,학력무관,36,60,,회계학과,TOEIC Speaking,650,무관
597,국립암센터, 국립암센터 부속병원 호흡기내과 임상스텝전문의 초빙공고,2026.06.17,2026.07.03,마감,의료보건,False,학사,36,60,약사,물리치료학과,,,무관
598,한국환경연구원,[한국환경연구원] 임시직(ESG) 채용 공고(0617),2026.06.17,2026.07.02,마감,연구전문,False,학사,12,36,,관련 전공(공고별 상이),,,무관
599,대한적십자사,대구경북혈액원 비정규직(육아휴직 대체인력) 운전원 채용공고,2026.06.17,2026.07.02,마감,공무기능,False,고졸,0,0,,전공무관,,,무관
600,대한적십자사,대구경북혈액원 비정규직(초단시간) 간호사 채용공고(포항센터),2026.06.17,2026.07.02,마감,의료보건,False,학사,0,0,물리치료사,물리치료학과,,,무관
601,대한적십자사,대구경북혈액원 비정규직(육아기근로시간단축 대체인력) 간호사 채용공고,2026.06.17,2026.07.02,마감,의료보건,False,학사,12,36,"물리치료사,방사선사",약학과,,,무관
602,국립공원공단,[주왕산] 2026년 주왕산 한시인력(수익시설) 직원 채용,2026.06.17,2026.06.23,마감,기술설비,False,학사,12,36,전기기사,전공무관,,,필요
603,한국토지주택공사,한국토지주택공사 대전충남지역본부 기간제근로자 채용공고,2026.06.17,2026.07.06,마감,기타,False,학력무관,12,36,,전공무관,,,무관
604,한국농수산식품유통공사,2026년 제3차 기간제 근로자(휴직대체인력) 채용(일반행정지원),2026.06.17,2026.07.02,마감,사무행정,False,학사,0,0,MOS,경영학과,,,필요
605,한국장애인개발원,[제2026-71호] 2026년도 제4차 충청남도장애아동·발달장애인지원센터 장애아동지원팀(운영지원) 기간제 계약직 채용 공고,2026.06.17,2026.07.01,마감,상담복지,False,전문학사,0,0,사회복지사 2급,전공무관,,,필요
606,국립공원공단,[무등산동부] 2026년 무등산동부사무소 기간제(대체인력-사무행정) 직원 2차 채용,2026.06.17,2026.07.01,마감,사무행정,False,학력무관,12,36,,전공무관,,,무관
607,부산대학교병원,2026년도 하반기 전문의료인력 모집 공고(양산분원),2026.06.17,2026.07.06,마감,의료보건,False,학사,36,60,,보건행정학과,,,무관
608,(주)한국가스기술공사,(수정) ESG경영처 기간제 계약직(육아휴직 대체인력) 변경 채용 공고,2026.06.17,2026.07.13,진행중,사무행정,False,전문학사,36,60,,전공무관,,,필요
609,국민연금공단,[국민연금공단 서울북부지역본부] 공무직(환경관리직_ 보안직) 및 기간제근로자(사회복지사_ 지역상담직) 공개채용 공고,2026.06.17,2026.06.24,마감,기술설비,False,학사,0,0,,토목공학과,,,필요
610,한국장애인고용공단,[한국장애인고용공단 제주발달장애인훈련센터] 2026년 대체근로자 채용,2026.06.17,2026.06.25,마감,기타,False,학력무관,0,0,,전공무관,TOEFL,650,무관
611,한국도로공사,한국도로공사 담양지사 기간제근로자(상황관리원) 채용공고,2026.06.17,2026.06.23,마감,사무행정,False,전문학사,36,60,,전공무관,,,무관
612,한국물기술인증원,한국물기술인증원 2026년 제3차 기간제근로자 채용 공고,2026.06.17,2026.06.23,마감,기타,False,학력무관,12,36,,전공무관,,,무관
613,근로복지공단,[화성지사] 공무직(근로자정보조사원) 채용 공고,2026.06.17,2026.06.24,마감,공무기능,False,학력무관,24,48,,전공무관,,,무관
614,주택관리공단(주),채용형 인턴 채용공고(주택관리공단 제주지사),2026.06.17,2026.06.24,마감,사무행정,True,학사,0,0,,전공무관,,,무관
615,88관광개발(주),88관광개발(주) - 골프장 프런트 채용 공고,2026.06.17,2026.07.03,마감,기타,False,학력무관,36,60,,전공무관,,,무관
616,부산대학교치과병원,부산대학교치과병원 계약직(보건직) 직원 모집 공고,2026.06.17,2026.07.01,마감,의료보건,False,학사,0,0,응급구조사,보건행정학과,,,무관
617,한국청소년활동진흥원,2026년 제1차 국립청소년해양센터 직원(기간제) 채용 공고,2026.06.17,2026.07.01,마감,공무기능,False,학력무관,12,24,,전공무관,,,무관
618,국립중앙의료원,계약직 간호사(간호부) 재공고,2026.06.16,2026.06.26,마감,의료보건,False,전문학사,12,36,약사,물리치료학과,,,무관
619,한국보훈복지의료공단,[광주보훈병원] 정규직-무기계약직 업무지원직(고객지원_ 시설지원_ 급식) 직원 채용 공고,2026.06.16,2026.06.26,마감,기술설비,False,학사,12,36,정보통신기사,기계공학과,,,무관
620,대한적십자사,중앙혈액검사센터 비정규직(대체인력) 임상병리사 모집 공고(2026년 2차),2026.06.16,2026.07.01,마감,의료보건,False,학사,0,0,약사,물리치료학과,,,무관
621,대한적십자사,중앙혈액검사센터 비정규직(대체인력) 임상병리사 모집 공고(2026년 1차),2026.06.16,2026.07.01,마감,의료보건,False,학사,12,36,임상병리사,보건행정학과,,,무관
622,한국환경연구원,[한국환경연구원] 임시직(일반행정) 채용 공고(행정관리실 대체인력)(0616),2026.06.16,2026.07.01,마감,연구전문,False,석사,12,36,,전공무관,TOEIC,600,무관
623,가축위생방역지원본부,[가축위생방역지원본부 공고 제2026-27호] 2026년 제2차 정규직 채용 공고,2026.06.16,2026.06.30,마감,의료보건,False,학사,12,36,약사,간호학과,,,무관
624,한국보훈복지의료공단,[인천보훈병원] 2026년 제4차 의사직[일반내과_ 내과(호흡기내과)_ 내과(순환기내과)_ 신경외과] 공개채용,2026.06.16,2026.06.30,마감,의료보건,False,학사,12,36,"간호사,임상병리사",전공무관,,,무관
625,한국의약품안전관리원,한국의약품안전관리원 개방형 직위(의약품안전조사본부장) 채용 공고(2차 재공고),2026.06.16,2026.07.03,마감,기술설비,False,학사,36,60,산업안전기사,전공무관,,,무관
626,선박해양플랜트연구소,2026년 상반기 정규직(연구직_ 행정직) 및 무기계약직(주무원) 공개채용,2026.06.16,2026.07.01,마감,연구전문,False,석사,12,36,,관련 전공(공고별 상이),OPIc,750,무관
627,한국데이터산업진흥원,2026년 한국데이터산업진흥원 제1차 직원 채용 공고,2026.06.16,2026.07.01,마감,IT전산,False,학사,12,36,,전공무관,TOEIC,800,필요
628,한국보훈복지의료공단,[광주보훈병원] 계약직 기능직(간호조무사) 직원 채용 공고,2026.06.16,2026.06.26,마감,의료보건,False,학사,36,60,"약사,임상병리사",전공무관,,,무관
629,근로복지공단,[태백병원] 별정직 의사(내과 또는 가정의학과) 채용 공고,2026.06.16,2026.06.26,마감,의료보건,False,학사,0,0,간호사,약학과,,,무관
630,근로복지공단,[순천병원] 의료직(산업위생사) 채용 공고,2026.06.16,2026.06.26,마감,의료보건,False,석사,36,60,요양보호사,물리치료학과,,,무관
631,농업정책보험금융원,농업정책보험금융원 신규직원 채용 공고,2026.06.16,2026.07.01,마감,사무행정,False,학사,36,60,,전공무관,,,필요
632,대한적십자사,서울적십자병원 계약직 조리원 신규채용 공고,2026.06.16,2026.07.02,마감,공무기능,False,학력무관,0,0,,전공무관,,,무관
633,대한적십자사,서울적십자병원 정규직 간호조무사 신규채용 공고,2026.06.16,2026.07.02,마감,의료보건,False,전문학사,0,0,,간호학과,,,무관
634,대한적십자사,서울적십자병원 계약직 간호사(내과전담) 신규채용 공고,2026.06.16,2026.07.02,마감,의료보건,False,전문학사,0,0,물리치료사,전공무관,,,무관
635,서울올림픽기념국민체육진흥공단,한국스포츠과학원 초빙연구원 채용공고(전문선수 기능회복 시스템 구축사업),2026.06.16,2026.06.30,마감,IT전산,False,석사,0,0,,전공무관,,,필요
636,국립아시아문화전당재단,2026년 국립아시아문화전당재단 청년인턴 채용 연장공고,2026.06.16,2026.06.23,마감,기타,True,학력무관,0,0,,전공무관,,,무관
637,국민건강보험공단 일산병원,2026년 업무지원직(호스피스보조활동인력) 모집공고(기능직),2026.06.16,2026.06.29,마감,공무기능,False,학력무관,0,0,,전공무관,,,무관
638,국립공원공단,[월악산] 2026년 월악산국립공원사무소 한시인력(국립공원지킴이) 직원 채용,2026.06.16,2026.06.26,마감,공무기능,False,전문학사,0,0,,전공무관,,,무관
639,신용보증재단중앙회,2026년도 기간제근로자(육아휴직 대체) 공개채용,2026.06.16,2026.07.01,마감,기타,False,고졸,0,0,,전공무관,,,무관
640,전국재해구호협회,(수정) [전국재해구호협회] 2026년 제2차 직원 채용,2026.06.16,2026.06.30,마감,기타,False,고졸,36,60,,전공무관,,,무관
641,한전KPS(주),한전KPS(주) 월성2사업처 월성4호기 정지냉각계통 열교환기#2 전단 배관 교체공사 채용공고,2026.06.16,2026.06.18,마감,기타,False,고졸,36,60,,전공무관,,,무관
642,국립호남권생물자원관,2026년 국립호남권생물자원관 청년인턴 채용 공고,2026.06.16,2026.06.23,마감,기타,True,학력무관,0,0,,전공무관,,,무관
643,한국보훈복지의료공단,[부산보훈병원] 청년인턴(체험형-일반) 채용공고,2026.06.16,2026.06.30,마감,기타,True,학력무관,0,0,,전공무관,,,무관
644,한국보훈복지의료공단,[부산보훈병원] 계약직(임상병리사-단시간) 채용공고,2026.06.16,2026.06.30,마감,의료보건,False,학사,0,0,,전공무관,,,무관
645,한국보훈복지의료공단,[부산보훈병원] 계약직(간호조무사_ 청능사_ 사회복지사) 채용공고,2026.06.16,2026.06.30,마감,의료보건,False,전문학사,0,0,물리치료사,전공무관,,,무관
646,한국보훈복지의료공단,[전주보훈요양원] 장애인 청년인턴(단시간) 채용 공고,2026.06.16,2026.06.26,마감,기타,True,학력무관,0,12,,전공무관,,,무관
647,학교법인한국폴리텍,한국폴리텍대학 춘천캠퍼스 업무직[대학운영직_영선원] 채용 공고,2026.06.16,2026.06.23,마감,기타,False,고졸,0,0,,전공무관,,,무관
648,영화진흥위원회,2026년 대체인력(사서) 공개채용 공고,2026.06.15,2026.06.30,마감,기타,False,고졸,0,0,,전공무관,,,무관
649,영화진흥위원회,2026년 건축직(일반계약직) 공개채용 공고,2026.06.15,2026.06.30,마감,기술설비,False,학사,36,60,,전공무관,,,무관
650,영화진흥위원회,2026년 공무직(시설관리(기계설비)) 공개채용 공고,2026.06.15,2026.06.30,마감,기술설비,False,고졸,36,60,,전기공학과,,,무관
651,한국환경연구원,[한국환경연구원] 임시직(공간정보 및 환경공학) 채용 공고(0615),2026.06.15,2026.06.30,마감,연구전문,False,박사,36,72,,관련 전공(공고별 상이),,,무관
652,경북대학교병원,칠곡경북대학교병원 2026년 6월 1차 임시직원 채용공고(행정 간호사 임상병리사),2026.06.15,2026.06.22,마감,의료보건,False,학사,12,36,간호사,약학과,,,무관
653,부산대학교병원,2026년 6월 계약직의사(외과) 공개채용 모집공고,2026.06.15,2026.07.02,마감,의료보건,False,학사,0,0,응급구조사,간호학과,,,무관
654,주택도시보증공사,2026년 주택도시보증공사 시니어 상담사 채용공고,2026.06.15,2026.06.22,마감,상담복지,False,학사,12,36,사회복지사 1급,전공무관,,,무관
655,한국도로공사,한국도로공사 경남권건설사업단 기간제근로자(사무원) 채용공고,2026.06.15,2026.06.22,마감,사무행정,False,학사,12,36,,회계학과,,,무관
656,한국도로공사,한국도로공사 창녕지사 기간제근로자(안전순찰원) 채용공고,2026.06.15,2026.06.22,마감,기술설비,False,고졸,0,0,,토목공학과,,,필요
657,국립암센터,임시직 채용공고[260615],2026.06.15,2026.06.30,마감,기타,False,학력무관,0,0,,전공무관,,,무관
658,한국도로공사,한국도로공사 고성지사 기간제근로자(조경) 채용공고,2026.06.15,2026.06.22,마감,기타,False,학력무관,12,36,,전공무관,,,무관
659,한국도로공사,한국도로공사 김포파주건설사업단 기간제근로자(사무원) 채용공고,2026.06.15,2026.06.22,마감,사무행정,False,학력무관,0,0,,전공무관,,,필요
660,국립암센터,임시직(전문계약직) 채용공고[260615],2026.06.15,2026.06.30,마감,기타,False,학력무관,12,36,,전공무관,,,무관
661,중소벤처기업연구원,2026년도 제4차 중소벤처기업연구원 공개채용 공고,2026.06.15,2026.06.30,마감,연구전문,False,석사,0,0,,관련 전공(공고별 상이),TOEFL,800,필요
662,한국장애인개발원,[제2026-70호] 2026년도 제5차 대구광역시장애아동·발달장애인지원센터(장애아동지원팀) 기간제 계약직 채용 공고,2026.06.15,2026.07.01,마감,상담복지,False,학사,12,36,,아동학과,,,무관
663,한국전력공사,2026년 제1차 장애인 체험형 인턴 채용공고 [인천본부],2026.06.15,2026.06.29,마감,기타,True,학사,0,0,,전공무관,,,무관
664,기초과학연구원,제2026-4회 기초과학연구원 별정직 채용 공고,2026.06.15,2026.06.30,마감,연구전문,False,석사,0,0,,전공무관,OPIc,700,무관
665,노사발전재단,ADB 남아시아 개발협력 및 우즈벡 정책자문 단기기간제 채용,2026.06.15,2026.06.22,마감,기타,False,고졸,36,60,,전공무관,,,무관
666,한국특허정보원,2026년 제2차 한국특허정보원 직원 채용 공고,2026.06.15,2026.06.30,마감,기타,False,학력무관,36,60,,전공무관,,,무관
667,학교법인한국폴리텍,2026년도 한국폴리텍대학 성남캠퍼스 업무직(조리사) 채용 공고,2026.06.15,2026.06.25,마감,공무기능,False,학력무관,12,24,,전공무관,,,무관
668,학교법인한국폴리텍,2026년 한국폴리텍대학 포항캠퍼스 업무직(운전원)채용 공고,2026.06.15,2026.06.23,마감,공무기능,False,학력무관,24,48,,전공무관,,,무관
669,국립암센터,업무직 채용공고[260615],2026.06.15,2026.06.30,마감,기타,False,학력무관,0,0,,전공무관,,,필요
670,정보통신산업진흥원,2026년 제2차 위촉직(대체) 근로자 채용 공고,2026.06.15,2026.06.30,마감,기타,False,고졸,12,36,,전공무관,,,무관
671,한국청소년정책연구원,[채용공고 2026-09호] 수탁과제 계약직원 채용 공고,2026.06.15,2026.06.30,마감,기타,False,고졸,12,36,,전공무관,,,무관
672,한국수목원정원관리원,한국수목원정원관리원 2026년 제2차 체험형 청년인턴 채용 공고,2026.06.15,2026.06.29,마감,사무행정,True,전문학사,0,0,,전공무관,,,무관
673,서울올림픽기념국민체육진흥공단,한국스포츠과학원 초빙연구원 채용공고(과훈련 증후군 모니터링),2026.06.15,2026.06.29,마감,연구전문,False,학사,36,72,,관련 전공(공고별 상이),TOEFL,750,필요
674,한국농촌경제연구원,한국농촌경제연구원 2026-7차 계약직 채용 공고,2026.06.15,2026.06.29,마감,연구전문,False,학사,12,36,,관련 전공(공고별 상이),OPIc,750,필요
675,학교법인한국폴리텍,(수정) 한국폴리텍대학 바이오캠퍼스 업무직(대학운영직_조리사) 채용 공고,2026.06.15,2026.06.22,마감,공무기능,False,학력무관,0,0,지게차운전기능사,전공무관,,,무관
676,주택관리공단(주),체험형 인턴 채용공고(주택관리공단 경남지사),2026.06.15,2026.06.23,마감,사무행정,True,전문학사,0,0,,전공무관,,,무관
677,대한무역투자진흥공사,2026년 3기 체험형 청년인턴 모집,2026.06.15,2026.06.30,마감,기타,True,학력무관,0,0,,전공무관,,,무관
678,한국보건복지인재원,(수정) (제2026-4호) 한국보건복지인재원 신규직원(일반공무직) 채용 공고,2026.06.15,2026.06.30,마감,의료보건,False,전문학사,0,0,응급구조사,약학과,,,무관
679,한국보훈복지의료공단,[광주보훈요양원] 2026년 제3차 요양보호직 직원 채용 공고,2026.06.15,2026.06.29,마감,의료보건,False,전문학사,36,60,,물리치료학과,TOEFL,650,무관
680,재단법인 한국에너지재단,2026년 (재)한국에너지재단 제1차 기간제 채용(채용 제2026-04호),2026.06.13,2026.06.29,마감,기타,False,학사,36,60,,전공무관,,,필요
681,(재)예술경영지원센터,(재)예술경영지원센터 2026년 제2차 체험형 청년인턴 채용 공고,2026.06.12,2026.06.26,마감,상담복지,True,학사,0,0,,전공무관,,,무관
682,(재)예술경영지원센터,(재)예술경영지원센터 2026년 제2차 직원(장애인 제한경쟁) 채용 공고,2026.06.12,2026.06.26,마감,상담복지,False,학사,12,36,"청소년상담사,사회복지사 1급",전공무관,,,무관
683,(재)예술경영지원센터,(재)예술경영지원센터 2026년 제2차 직원(보훈 제한경쟁) 채용 공고,2026.06.12,2026.06.26,마감,상담복지,False,학사,0,0,,심리학과,,,무관
684,(재)예술경영지원센터,(재)예술경영지원센터 2026년 제2차 직원(경력제한경쟁) 채용 공고,2026.06.12,2026.06.26,마감,상담복지,False,학사,0,0,,전공무관,,,무관
685,(재)예술경영지원센터,(재)예술경영지원센터 2026년 제2차 직원(공개경쟁) 채용 공고,2026.06.12,2026.06.26,마감,상담복지,False,전문학사,12,36,사회복지사 1급,사회복지학과,,,무관
686,제주대학교병원,제주대학교병원 계약직(행정) 모집공고,2026.06.12,2026.06.18,마감,사무행정,False,학사,0,0,,행정학과,OPIc,600,필요
687,제주대학교병원,제주대학교병원 단기간 계약직(중앙물류이송)_ 휴직대체 계약직(조리·배식원_ 물리치료사_ 원무) 모집공고,2026.06.12,2026.06.17,마감,의료보건,False,학사,12,36,임상병리사,보건행정학과,,,무관
688,에너지경제연구원,[에너지경제연구원] 공공기관 청년인턴(장애인제한경쟁) 채용 공고(경영지원본부),2026.06.12,2026.06.29,마감,연구전문,True,석사,0,0,,전공무관,,,무관
689,서울올림픽기념국민체육진흥공단,한국스포츠과학원 분석연구원 채용공고(장애인선수 현장밀착형 스포츠과학지원_3차),2026.06.12,2026.06.26,마감,연구전문,False,학사,36,72,,관련 전공(공고별 상이),,,무관
690,학교법인한국폴리텍,한국폴리텍대학 아산캠퍼스 대학운영직(경비원_보훈특별고용) 채용(2차) 공고,2026.06.12,2026.07.01,마감,공무기능,False,학력무관,0,0,,전공무관,,,무관
691,한국식품안전관리인증원,2026년 제8차 계약직직원 채용,2026.06.12,2026.06.19,마감,기타,False,학사,12,36,,전공무관,,,무관
692,경제인문사회연구회,2026년도 제7차 직원채용 공고(계약직 전문위원),2026.06.12,2026.06.26,마감,연구전문,False,석사,12,36,,전공무관,,,무관
693,경제인문사회연구회,2026년도 제7차 직원채용 공고(계약직 전문원_(전산·정보화)),2026.06.12,2026.06.26,마감,IT전산,False,학사,12,36,,전공무관,,,필요
694,경제인문사회연구회,2026년도 제7차 직원채용 공고(계약직 전문원_일반행정(육아휴직대체)),2026.06.12,2026.06.26,마감,사무행정,False,학사,0,0,"MOS,컴퓨터활용능력 2급",전공무관,,,무관
695,한국문화진흥주식회사,한국문화진흥(주) 뉴서울컨트리클럽 정규직(레스토랑_ 프런트)_ 체험형 청년인턴(경기진행_ 행정보조_ 코스관리) 채용,2026.06.12,2026.06.27,마감,사무행정,True,학사,0,0,,전공무관,,,무관
696,근로복지공단,[인천병원] 별정직 의사(재활의학과) 채용 공고,2026.06.12,2026.06.25,마감,의료보건,False,학사,0,0,,물리치료학과,,,필요
697,(재)한국통계정보원,[제2026-07] 한국통계정보원 무기계약직(경력직) 제한경쟁 채용 공고,2026.06.12,2026.06.25,마감,기술설비,False,학사,0,0,산업안전기사,건축공학과,,,무관
698,근로복지공단,[순천병원] 기간제 의사(산부인과) 채용 공고,2026.06.12,2026.06.22,마감,의료보건,False,전문학사,36,60,"응급구조사,간호사",간호학과,,,무관
699,근로복지공단,[정선병원] 기간제 의사(응급실) 채용 공고,2026.06.12,2026.06.19,마감,의료보건,False,석사,36,60,물리치료사,간호학과,,,무관
700,한국환경연구원,[한국환경연구원] 임시직(물관리 기후변화 영향 및 리스크 평가) 채용 공고(0612),2026.06.12,2026.06.29,마감,연구전문,False,학사,0,0,,관련 전공(공고별 상이),,,무관
701,근로복지공단,[정선병원] 공무직(전기기계통신기사_전기분야) 채용 공고,2026.06.12,2026.06.19,마감,기술설비,False,고졸,12,36,기계정비산업기사,전공무관,,,무관
702,한국환경연구원,[한국환경연구원] 임시직(기후변화 적응 정책) 채용 공고(0612),2026.06.12,2026.06.29,마감,연구전문,False,석사,12,36,,관련 전공(공고별 상이),,,필요
703,(재)우체국물류지원단,우체국물류지원단 서울지사 동서울물류사업소 기간제(발착직) 채용 공고,2026.06.12,2026.06.18,마감,기타,False,학력무관,0,0,,전공무관,,,무관
704,기초과학연구원,2026-6회 생명과학 연구클러스터 별정직 채용 공고,2026.06.12,2026.06.30,마감,기타,False,학사,0,0,,전공무관,,,무관
705,기술보증기금,2026년 기술보증기금 정규직 신입직원 채용공고,2026.06.12,2026.06.30,마감,기타,False,학사,0,0,,전공무관,,,무관
706,국립공원공단,[태백산] 태백산국립공원사무소 기간제(자원보전) 직원 채용 공고,2026.06.12,2026.06.26,마감,사무행정,False,학사,12,36,,전공무관,,,무관
707,한국농어촌공사,한국농어촌공사 진주산청지사 공무직(청소원) 보훈·장애인 제한경쟁 채용공고,2026.06.12,2026.06.26,마감,공무기능,False,전문학사,0,0,,전공무관,,,무관
708,건축공간연구원,건축공간연구원 위촉직 모집,2026.06.12,2026.06.29,마감,연구전문,False,석사,36,72,,관련 전공(공고별 상이),,,무관
709,대한적십자사,부산혈액원 비정규직 한시적근로자 운전원 채용 공고,2026.06.12,2026.06.27,마감,공무기능,False,학력무관,0,0,,전공무관,,,무관
710,한국보훈복지의료공단,[중앙보훈병원] 이비인후과 전문의 채용 공고,2026.06.12,2026.06.26,마감,의료보건,False,학사,0,0,물리치료사,간호학과,,,무관
711,한국보훈복지의료공단,[중앙보훈병원] 내과 전문의(응급의료센터) 채용 공고,2026.06.12,2026.06.26,마감,의료보건,False,전문학사,36,60,약사,물리치료학과,,,무관
712,(재)우체국물류지원단,우체국물류지원단 서울지사 기간제(사무직_보건_ 육아휴직대체) 채용 공고,2026.06.12,2026.06.18,마감,의료보건,False,전문학사,0,0,요양보호사,전공무관,,,필요
713,대한적십자사,부산혈액원 비정규직 한시적근로자 시간선택제 간호사 채용 공고,2026.06.12,2026.06.27,마감,의료보건,False,학사,0,0,응급구조사,약학과,,,무관
714,세계김치연구소,[세계김치연구소] 2026년 제6차 직원 채용 공고,2026.06.12,2026.06.26,마감,기타,False,고졸,36,60,,전공무관,,,무관
715,동남권원자력의학원,[직원채용] 별정직 사무직(심사평가팀) 공개 채용,2026.06.12,2026.06.29,마감,사무행정,False,학사,12,36,MOS,회계학과,TOEIC Speaking,700,무관
716,한국특허정보원,한국특허정보원 개방형직위 제한경쟁채용 공고,2026.06.11,2026.06.30,마감,기타,False,학력무관,0,0,,전공무관,,,무관
717,국립공원공단,[속리산] 국립공원공단 속리산국립공원사무소 기간제(탐방시설-운전) 직원 채용,2026.06.11,2026.06.25,마감,기술설비,False,전문학사,12,36,건축기사,전공무관,,,무관
718,한국문화관광연구원,한국문화관광연구원 위촉직원 채용 공고[2026-22],2026.06.11,2026.06.18,마감,연구전문,False,석사,36,72,,관련 전공(공고별 상이),TOEFL,650,무관
719,학교법인한국폴리텍,한국폴리텍대학 대구캠퍼스 무기계약직원_업무직(조리원) 채용 공고,2026.06.11,2026.06.22,마감,기술설비,False,전문학사,0,0,산업안전기사,전공무관,,,무관
720,한국교육학술정보원, 2026년 제5차 직원(계약직 및 청년인턴(장애·보훈 제한경쟁)) 채용,2026.06.11,2026.06.25,마감,기타,True,학력무관,0,0,,전공무관,,,무관
721,국립공원공단,[설악산] 설악산국립공원 기간제 직원[환경관리(한시인력)] 채용 공고,2026.06.11,2026.06.17,마감,기술설비,False,고졸,12,36,건축기사,전기공학과,,,필요
722,한국교육학술정보원,2026년 제5차 직원(계약직 및 청년인턴) 채용,2026.06.11,2026.06.25,마감,기타,True,학력무관,0,0,,전공무관,,,무관
723,근로복지공단,[대구병원] 기간제(사무원) 채용 공고,2026.06.11,2026.06.18,마감,사무행정,False,학사,36,60,컴퓨터활용능력 1급,전공무관,,,필요
724,근로복지공단,[대구병원] 기간제(약사) 채용 공고,2026.06.11,2026.06.18,마감,의료보건,False,전문학사,36,60,,전공무관,,,필요
725,근로복지공단,[태백병원] 의료직 4급(약사) 채용 공고,2026.06.11,2026.06.22,마감,의료보건,False,학사,0,0,임상병리사,전공무관,,,무관
726,국립공원공단,[국립공원연구원] 국립공원연구원 기간제(대체인력_ 연구복원) 직원 채용,2026.06.11,2026.06.25,마감,연구전문,False,석사,12,36,,관련 전공(공고별 상이),,,무관
727,대한법률구조공단,2026년 대한법률구조공단 기간제근로자 채용 공고,2026.06.11,2026.06.26,마감,기타,False,학력무관,36,60,,전공무관,,,무관
728,대한적십자사,(거창적십자병원) 육아휴직 대체인력_보건직 방사선사 1차 채용,2026.06.11,2026.06.27,마감,의료보건,False,전문학사,0,0,방사선사,전공무관,TOEFL,700,무관
729,대한적십자사,(거창적십자병원) 육아휴직 대체인력_기술직 기술원 1차 채용,2026.06.11,2026.06.27,마감,기술설비,False,학력무관,0,0,정보통신기사,토목공학과,,,무관
730,한국도로공사,한국도로공사 대구경북본부 기간제근로자(공용장비운전원) 채용공고,2026.06.11,2026.06.17,마감,공무기능,False,전문학사,0,0,,전공무관,,,무관
731,근로복지공단,[근로복지공단] 공무직(사무원) 채용 공고,2026.06.11,2026.06.18,마감,공무기능,False,전문학사,0,0,,전공무관,,,무관
732,국립공원공단,[월출산] 월출산국립공원사무소 기간제(자원보전) 직원 채용 공고,2026.06.11,2026.06.25,마감,사무행정,False,학사,0,0,,회계학과,,,무관
733,한전KPS(주),한전KPS(주) 고리2사업처 ‘26년도 단기노무원 통합 2차 채용 공고,2026.06.11,2026.06.15,마감,공무기능,False,학력무관,24,48,,전공무관,,,무관
734,한국지식재산보호원,[한국지식재산보호원] 2026년도 제5차 인력채용,2026.06.11,2026.06.26,마감,기타,False,학사,36,60,,전공무관,,,필요
735,국립공원공단,[가야산생태탐방원] 2026년 가야산생태탐방원 국립공원지킴이-5차 채용,2026.06.11,2026.06.22,마감,공무기능,False,학력무관,0,0,"운전면허 1종,조리사",전공무관,,,무관
736,한국토지주택공사,한국토지주택공사 서울지역본부 기간제근로자(현장보조감독(전기) 외) 채용공고,2026.06.11,2026.06.29,마감,기술설비,False,학력무관,12,36,기계정비산업기사,전공무관,,,무관
737,서울올림픽기념국민체육진흥공단,한국스포츠과학원 초빙연구원 채용공고(운동부하검사 프로토콜),2026.06.11,2026.06.25,마감,연구전문,False,석사,12,36,,관련 전공(공고별 상이),,,무관
738,국립공원공단,[새만금환경생태단지관리단] 2026년 새만금환경생태단지관리단 기간제 직원 채용,2026.06.11,2026.06.25,마감,사무행정,False,전문학사,0,0,,전공무관,,,필요
739,한국지식재산보호원,[한국지식재산보호원] 2026년도 제4차 인력채용(해외 IP센터장),2026.06.11,2026.06.26,마감,기타,False,학사,12,36,,전공무관,,,무관
740,한국지식재산보호원,[한국지식재산보호원] 2026년도 제3차 인력채용(개방형 직위),2026.06.11,2026.06.26,마감,기타,False,학력무관,0,0,,전공무관,,,무관
741,(재)우체국물류지원단,우체국물류지원단 서울지사 인천국제물류사업소 기간제(국제직) 채용 공고,2026.06.11,2026.06.17,마감,기타,False,학력무관,36,60,,전공무관,,,필요
742,노사발전재단,[노사발전재단] 2026년 대한민국 일·생활 균형 우수기업 선정 사업 채용,2026.06.11,2026.06.18,마감,기술설비,False,전문학사,36,60,,건축공학과,,,필요
743,한국전력공사,2026년 1차 장애인 체험형 청년인턴 채용 공고[충북본부],2026.06.11,2026.06.25,마감,기타,True,학력무관,0,0,,전공무관,,,무관
744,경북대학교치과병원,2026년 제13차 청년인턴(진료지원-치과위생사/치과교정과) 채용 공고,2026.06.11,2026.06.18,마감,의료보건,True,전문학사,0,0,,전공무관,,,무관
745,한국원자력의학원,별정직 직원모집 재공고(건강증진센터)_채용완료시 공고종료,2026.06.10,2026.12.31,진행중,기타,False,전문학사,0,0,,전공무관,,,무관
746,국립공원공단,[설악산] 설악산국립공원 기간제(대체인력) 직원[탐방안전] 채용 공고,2026.06.10,2026.06.24,마감,기술설비,False,학사,0,0,기계정비산업기사,전기공학과,,,무관
747,경북대학교병원,2026년 6월 제1차 임시직원 모집 공고(시설기술(설비)_ 간호_ 업무보조_ 원무(기계설비)_ 의공),2026.06.10,2026.06.15,마감,의료보건,False,석사,36,60,임상병리사,전공무관,TOEFL,800,무관
748,코레일네트웍스(주),(수정) 코레일네트웍스(주) 2026년 상반기 수시채용,2026.06.10,2026.06.24,마감,기타,False,학력무관,0,0,,전공무관,,,무관
749,한국보훈복지의료공단,[수원보훈요양원] 계약직 간호사 채용 공고,2026.06.10,2026.06.24,마감,의료보건,False,전문학사,12,36,물리치료사,전공무관,,,무관
750,근로복지공단,[동해병원] 기간제 의사(응급실전담의) 채용 공고,2026.06.10,2026.06.17,마감,의료보건,False,학사,12,36,방사선사,전공무관,TOEIC Speaking,800,무관
751,근로복지공단,[동해병원] 기간제 의사(진단검사의학과 또는 병리과) 채용 공고,2026.06.10,2026.06.17,마감,의료보건,False,석사,0,0,간호사,물리치료학과,,,무관
752,한국보훈복지의료공단,[수원보훈요양원] 정규직 간호조무사 채용 공고,2026.06.10,2026.06.24,마감,의료보건,False,학사,0,0,간호사,전공무관,,,무관
753,한국식품안전관리인증원,2026년 제7차 체험형인턴 및 계약직직원 채용,2026.06.10,2026.06.18,마감,기타,True,고졸,0,0,,전공무관,,,무관
754,국립중앙의료원,계약직 연구원-휴직대체(충남응급의료지원센터) 채용 재공고,2026.06.10,2026.06.22,마감,연구전문,False,석사,36,72,,관련 전공(공고별 상이),,,무관
755,근로복지공단,[창원병원] 공무직(시설미화원) 채용 공고,2026.06.10,2026.06.17,마감,기술설비,False,고졸,12,36,,토목공학과,,,무관
756,근로복지공단,[창원병원] 청년(체험형)인턴 채용 공고,2026.06.10,2026.06.17,마감,기타,True,고졸,0,0,,전공무관,,,무관
757,근로복지공단,[창원병원] 기간제(작업치료사) 채용 공고,2026.06.10,2026.06.17,마감,의료보건,False,전문학사,12,36,요양보호사,보건행정학과,,,무관
758,근로복지공단,[창원병원] 기간제(사무원) 채용 공고,2026.06.10,2026.06.17,마감,사무행정,False,학사,0,0,컴퓨터활용능력 1급,경영학과,TOEIC,750,필요
759,산업연구원,(수정) 2026년 제4차 정규직 채용 공고,2026.06.10,2026.06.23,마감,기타,False,전문학사,36,60,,전공무관,,,무관
760,대한적십자사,충북혈액원 비정규직(초단시간/간호사/충주센터) 채용 모집 공고,2026.06.10,2026.06.28,마감,의료보건,False,석사,36,60,간호사,물리치료학과,,,필요
761,한국개발연구원,2026년 2분기 4차 KDI 위촉직원(대체인력) 채용 공고(행정직),2026.06.10,2026.06.24,마감,사무행정,False,학력무관,0,0,,전공무관,,,필요
762,한국개발연구원,2026년 2분기 4차 KDI 위촉직원(대체인력) 채용 공고(연구직),2026.06.10,2026.06.24,마감,연구전문,False,석사,0,0,,관련 전공(공고별 상이),TOEIC Speaking,600,무관
763,국립공원공단,[태안] 2026년 태안해안 기간제(한시인력) 국립공원지킴이 모집 공고,2026.06.10,2026.06.22,마감,공무기능,False,학력무관,12,24,,전공무관,,,무관
764,KDI국제정책대학원,[KDI국제정책대학원] 주말사서 채용 공고,2026.06.10,2026.06.25,마감,기타,False,학사,0,0,,전공무관,,,무관
765,한국도로공사,(수정) 한국도로공사 연수원 하계 기간제근로자(조무원_ 청소원) 채용공고,2026.06.10,2026.06.17,마감,공무기능,False,고졸,0,0,,전공무관,,,무관
766,대외경제정책연구원,대외경제정책연구원(KIEP) 정규직 연구원급(동남아대양주분야),2026.06.10,2026.06.24,마감,연구전문,False,학사,12,36,,관련 전공(공고별 상이),OPIc,700,무관
767,한전KDN,한전KDN(주) 진주지사 배전분야 비정규직 모집공고,2026.06.10,2026.06.25,마감,공무기능,False,학력무관,0,0,,전공무관,,,무관
768,한전KDN,한전KDN(주) 경남사업처 통신분야 비정규직 모집공고,2026.06.10,2026.06.25,마감,기타,False,학력무관,12,36,,전공무관,,,무관
769,육아정책연구소,(수정) [제2026-10호] 육아정책연구소 위촉직 연구원_ 계약직 연구원(대체계약직) 채용,2026.06.10,2026.07.03,마감,연구전문,False,석사,12,36,,관련 전공(공고별 상이),,,무관
770,육아정책연구소,[제2026-9호] 육아정책연구소 행정직(무기계약직 행정원) 채용,2026.06.10,2026.06.24,마감,연구전문,False,석사,0,0,,전공무관,,,무관
771,국립공원공단,[태안] 2026년 태안해안 기간제(수익시설) 직원 채용,2026.06.10,2026.06.24,마감,기술설비,False,학사,12,36,,건축공학과,,,무관
772,국립공원공단,[태안] 2026년 태안해안 기간제[환경관리(해양)] 직원 채용,2026.06.10,2026.06.24,마감,기술설비,False,전문학사,36,60,"산업안전기사,기계정비산업기사",전공무관,,,필요
773,학교법인한국폴리텍,한국폴리텍대학 제주캠퍼스 행정지원직(휴직자 대체) 채용 공고,2026.06.10,2026.06.08,마감,사무행정,False,전문학사,12,36,"MOS,컴퓨터활용능력 1급",행정학과,,,무관
774,서울올림픽기념국민체육진흥공단,서울올림픽기념국민체육진흥공단 전임직(기간제) 및 지원직 채용공고,2026.06.10,2026.06.25,마감,기타,False,학력무관,0,0,,전공무관,,,무관
775,서울올림픽기념국민체육진흥공단,서울올림픽기념국민체육진흥공단 전임직(무기계약직) 채용공고,2026.06.10,2026.06.25,마감,기술설비,False,전문학사,12,36,정보통신기사,토목공학과,,,무관
776,국립암센터,국립암센터국제암대학원대학교 전임교원 초빙 공고,2026.06.10,2026.07.10,진행중,교육교원,False,학사,0,0,교원자격증,전공무관,,,무관
777,한전MCS(주),한전MCS 2026년 전력서비스 시니어계약직 신규채용 공고,2026.06.10,2026.06.17,마감,기타,False,고졸,12,36,,전공무관,,,무관
778,한전KDN,한전KDN(주) 부산본부 배전자동화 단순정비 일용근로자 모집공고,2026.06.10,2026.06.24,마감,기술설비,False,전문학사,36,60,산업안전기사,건축공학과,,,필요
779,주택관리공단(주),채용형 인턴 채용공고(주택관리공단 경기남부지사),2026.06.10,2026.06.17,마감,사무행정,True,학사,0,0,,전공무관,,,무관
780,주택관리공단(주),체험형 인턴 채용공고(주택관리공단 강원지사),2026.06.10,2026.06.17,마감,사무행정,True,학사,0,0,,전공무관,,,무관
781,한전KDN,한전KDN(주) 천안지사 배전분야 작업원 추가 모집공고,2026.06.10,2026.06.26,마감,공무기능,False,학력무관,0,0,,전공무관,,,무관
782,한국원자력환경공단,한국원자력환경공단 2026년도 제2차 수시채용(일반직 경력(4급)_ 공무직),2026.06.09,2026.06.26,마감,공무기능,False,고졸,0,0,"지게차운전기능사,운전면허 1종",전공무관,,,무관
783,한전KDN,한전KDN(주) 경기북부사업처 DAS분야 작업원 및 업무보조원(장애인) 모집,2026.06.09,2026.06.24,마감,공무기능,False,학력무관,0,0,,전공무관,,,무관
784,한전KDN,한전KDN(주) 제주사업처 AMI분야 비정규직 모집공고,2026.06.09,2026.06.23,마감,기타,False,학력무관,12,36,,전공무관,,,무관
785,한전KDN,한전KDN(주) 경기북부사업처 AMI분야 업무보조원(장애인) 모집,2026.06.09,2026.06.24,마감,기타,False,학력무관,0,0,,전공무관,,,무관
786,국립인천해양박물관,2026년 상반기 수시 국립인천해양박물관 직원 채용 공고,2026.06.09,2026.06.23,마감,기타,False,학력무관,0,0,,전공무관,,,필요
787,분당서울대학교병원,분당서울대학교병원 신입(보건직) 직원 채용공고,2026.06.09,2026.06.22,마감,의료보건,False,석사,12,36,,간호학과,,,무관
788,학교법인한국폴리텍,한국폴리텍대학 대전캠퍼스 업무직(대학운영직_미화원) 채용 공고(재공고),2026.06.09,2026.06.16,마감,공무기능,False,학력무관,0,0,,전공무관,,,무관
789,근로복지공단,[태백병원] 공무직(전기기계통신기사-기계분야) 채용 공고,2026.06.09,2026.06.16,마감,기술설비,False,고졸,12,36,정보통신기사,전공무관,OPIc,650,무관
790,근로복지공단,[근로복지공단] 의료직(보건의료정보관리사) 채용 공고,2026.06.09,2026.06.19,마감,의료보건,False,전문학사,0,0,간호사,임상병리학과,,,필요
791,한전KDN,한전KDN(주) 전북사업처 AMI분야 일용근로자 모집공고,2026.06.09,2026.06.23,마감,기타,False,전문학사,12,36,,전공무관,,,무관
792,국민건강보험공단,2026년도 하반기 국민건강보험공단 기간제근로자 채용 공고,2026.06.09,2026.06.23,마감,기타,False,학력무관,0,0,,전공무관,,,무관
793,서울올림픽기념국민체육진흥공단,(수정) 한국스포츠과학원 초빙연구원 채용공고(양궁 개인별 수행 경기력 예측 모델),2026.06.09,2026.06.23,마감,연구전문,False,학사,0,0,,관련 전공(공고별 상이),,,필요
794,학교법인한국폴리텍,(수정) 한국폴리텍대학 강릉캠퍼스 업무직원(대학운영직_경비원) 채용 재공고,2026.06.09,2026.06.16,마감,공무기능,False,학력무관,24,48,조리사,전공무관,,,무관
795,서울올림픽기념국민체육진흥공단,한국스포츠과학원 초빙연구원 채용공고(차세대 펜싱선수),2026.06.09,2026.06.24,마감,연구전문,False,석사,12,36,,전공무관,,,무관
796,한전KDN,한전KDN(주) 서울본부 강남지사 OA설비 유지보수 일용근로자 모집공고,2026.06.09,2026.06.23,마감,기술설비,False,전문학사,36,60,,전공무관,,,무관
797,서울올림픽기념국민체육진흥공단,한국스포츠과학원 초빙연구원 채용공고(국내외 체육지도자 자격 연계에 관한 기초 연구),2026.06.09,2026.06.24,마감,연구전문,False,석사,12,36,,관련 전공(공고별 상이),OPIc,750,무관
798,전남대학교병원,2026년도 전남대학교병원 임상교수요원 추가 채용 공고,2026.06.09,2026.06.22,마감,교육교원,False,박사,0,0,,해당 교과 전공,,,무관
799,서울올림픽기념국민체육진흥공단,한국스포츠과학원 초빙연구원 채용공고(VR 심상훈련 프로그램의 신경생리학적 효과 검증),2026.06.09,2026.06.23,마감,연구전문,False,석사,36,72,,전공무관,,,필요
800,국립암센터,국립암센터 부속병원 당직전담의사 초빙공고,2026.06.09,2026.06.24,마감,의료보건,False,학사,0,0,응급구조사,보건행정학과,,,필요
801,한국원자력의학원,제2026-3회 한국원자력의학원 정기직원채용,2026.06.09,2026.06.24,마감,기타,False,학사,12,36,,전공무관,,,무관
802,서울올림픽기념국민체육진흥공단,서울올림픽기념국민체육진흥공단 체육지도자(국고보조사업지원-연수조교) 채용공고,2026.06.09,2026.06.23,마감,기타,False,전문학사,12,36,,전공무관,,,무관
803,한국보훈복지의료공단,[남양주보훈요양원] 2026년 제1차 복지기능직(간호조무사) 채용 공고,2026.06.09,2026.06.24,마감,의료보건,False,학사,12,36,,약학과,,,무관
804,한국장애인고용공단,[한국장애인고용공단 전남지사] 2026년 체험형 청년인턴(대체근로자) 채용,2026.06.09,2026.06.18,마감,기타,True,학력무관,0,12,,전공무관,,,무관
805,기초과학연구원,2026-2회 기하학 수리물리 연구단 선임연구원 채용 공고,2026.06.09,2026.08.31,진행중,연구전문,False,석사,0,0,,관련 전공(공고별 상이),TOEFL,700,무관
806,한국한의학연구원,2026년 4차 육아휴직 대체인력(계약직) 공개채용 공고,2026.06.09,2026.06.19,마감,기타,False,학사,0,0,,전공무관,,,필요
807,국립암센터,국립암센터 부속병원 입원전담전문의(내과) 초빙 공고,2026.06.09,2026.06.24,마감,의료보건,False,전문학사,36,60,방사선사,전공무관,TOEIC Speaking,650,무관
808,충남대학교병원,[대전] 충남대학교병원 2026년 6월 보조금직원 채용공고(2차)【채용분야 : 공고참고】,2026.06.09,2026.06.23,마감,기타,False,학사,12,36,,전공무관,TOEIC Speaking,650,무관
809,충남대학교병원,[대전] 충남대학교병원 2026년 6월 계약직 직원 채용공고(2차)【채용분야 : 공고참고】,2026.06.09,2026.06.23,마감,기타,False,학력무관,12,36,,전공무관,,,무관
810,한국투자공사,한국투자공사 2026년 제2차 계약직원 채용,2026.06.09,2026.06.23,마감,기타,False,학사,0,0,,전공무관,,,무관
811,한국산업은행,한국산업은행 2026년 일반직B 신입행원(보훈) 채용공고,2026.06.09,2026.06.24,마감,사무행정,False,학력무관,36,60,,전공무관,,,무관
812,한국산업은행,한국산업은행 2026년 일반직B 신입행원(특성화고) 채용공고,2026.06.09,2026.06.24,마감,사무행정,False,학사,12,36,,전공무관,TOEIC,600,무관
813,한국보건사회연구원,한국보건사회연구원 계약직 채용 공고(6월 2주차),2026.06.09,2026.06.24,마감,의료보건,False,학사,0,0,,전공무관,,,무관
814,한국보훈복지의료공단,[부산보훈병원] 정규직(영양사_ 산업안전관리자_ 시설(건축)_ 시설담당_ 간호조무사) 채용공고,2026.06.09,2026.06.23,마감,의료보건,False,학사,0,0,물리치료사,임상병리학과,,,무관
815,한전KPS(주),(공고취소)한전KPS(주) 영흥사업처 경상정비공사 단기노무원 모집(기계3팀),2026.06.09,2026.06.15,마감,기술설비,False,전문학사,36,60,,기계공학과,,,필요
816,한국도로공사,한국도로공사 함평지사 기간제근로자(조경) 채용공고,2026.06.09,2026.06.16,마감,기타,False,학력무관,12,36,,전공무관,,,무관
817,한전KPS(주),(공고취소)한전KPS(주) 영흥사업처 경상정비공사 단기노무원 모집(기술부),2026.06.09,2026.06.11,마감,기술설비,False,학력무관,0,0,토목기사,전공무관,,,무관
818,한국농어촌공사,한국농어촌공사 강릉지사 공무직(청소원) 공개경쟁 채용 재공고,2026.06.09,2026.06.19,마감,공무기능,False,고졸,0,0,,전공무관,,,무관
819,한국보훈복지의료공단,[대전보훈병원] 정규직(업무지원직(완화의료)) 및 계약직(기술직(건축)_ 보건직(보건의료정보관리사_ 사회복지사)) 채용 공고,2026.06.09,2026.06.23,마감,의료보건,False,전문학사,0,0,요양보호사,보건행정학과,,,무관
820,한국보훈복지의료공단,[광주보훈병원] 청년인턴(체험형) 채용 공고,2026.06.08,2026.06.18,마감,기타,True,고졸,0,0,,전공무관,,,무관
821,한국수산자원공단,한국수산자원공단 2026년 개방직위(서해·남해본부장) 공개 모집(재공고),2026.06.08,2026.06.18,마감,기타,False,학력무관,12,36,,전공무관,,,필요
822,한전KDN,한전KDN(주) 원전인프라부 프로젝트계약근로자 채용공고,2026.06.08,2026.06.22,마감,기타,False,전문학사,12,36,,전공무관,,,무관
823,대한적십자사,(수정) 2026년 대한적십자사 본사 국제남북사업본부 남북교류팀 비정규직(기간제) 채용공고,2026.06.08,2026.06.24,마감,기타,False,학력무관,12,36,,전공무관,,,무관
824,학교법인한국폴리텍,한국폴리텍대학 원주캠퍼스 청년인턴(장애) 채용 재공고,2026.06.08,2026.06.15,마감,기타,True,학력무관,0,0,,전공무관,,,무관
825,학교법인한국폴리텍,한국폴리텍대학 원주캠퍼스 업무직(대학운영직_경비원) 채용 재공고,2026.06.08,2026.06.15,마감,공무기능,False,고졸,0,0,,전공무관,,,무관
826,과학기술정책연구원,과학기술정책연구원 3차 전문연구직(계약직) 채용,2026.06.08,2026.06.23,마감,연구전문,False,석사,0,0,,관련 전공(공고별 상이),,,무관
827,국립중앙의료원,계약직 연구원(전남응급의료지원센터) 채용 공고,2026.06.08,2026.06.23,마감,연구전문,False,학사,36,72,,관련 전공(공고별 상이),OPIc,800,필요
828,근로복지공단,[태백병원] 기간제(약사) 채용 공고,2026.06.08,2026.06.15,마감,의료보건,False,학사,12,36,약사,전공무관,,,무관
829,국립중앙의료원,계약직 간호사 또는 보건의료정보관리사(강원응급의료지원센터) 채용 공고,2026.06.08,2026.06.23,마감,의료보건,False,전문학사,12,36,,임상병리학과,,,무관
830,근로복지공단,[안산병원] 기간제(약사) 채용 공고,2026.06.08,2026.06.15,마감,의료보건,False,전문학사,12,36,"요양보호사,임상병리사",전공무관,,,무관
831,근로복지공단,[순천병원] 기간제 의사(응급의학과) 채용 공고,2026.06.08,2026.06.15,마감,의료보건,False,학사,0,0,간호사,간호학과,,,무관
832,한국문화예술위원회,2026년 한국문화예술위원회 신입사원(무대_ 음향_ 조명/채용형 인턴) 채용,2026.06.08,2026.06.22,마감,사무행정,True,학사,0,0,,전공무관,,,무관
833,한국해양수산연수원,(수정) 한국해양수산연수원 2026년도 제2차 정규직 직원채용 공고,2026.06.08,2026.06.22,마감,기타,False,전문학사,0,0,,전공무관,,,무관
834,한국국제협력단,2026년도 한국국제협력단 일반직 및 공무직 채용 공고,2026.06.08,2026.06.23,마감,공무기능,False,학력무관,0,0,,전공무관,,,무관
835,한국여성인권진흥원,2026년 한국여성인권진흥원 제4차 채용 공고,2026.06.08,2026.06.22,마감,기타,False,고졸,0,0,,전공무관,,,무관
836,한국장애인개발원,[제2026-68호] 2026년도 제4차 충청북도장애아동·발달장애인지원센터 기간제 계약직 채용 공고,2026.06.08,2026.06.22,마감,상담복지,False,전문학사,12,36,청소년상담사,심리학과,,,무관
837,한국토지주택공사,한국토지주택공사 인천지역본부 기간제근로자(전세사기 피해자 지원 업무보조 외) 채용공고,2026.06.08,2026.06.23,마감,기타,False,고졸,36,60,,전공무관,OPIc,750,무관
838,한국화학연구원,한국화학연구원 2026년 상반기 정직원(경영행정 분야) 채용 공고,2026.06.08,2026.06.23,마감,연구전문,False,석사,0,0,,관련 전공(공고별 상이),TOEFL,750,무관
839,한전KDN,한전KDN(주) 경남사업처 AMI 통신망 보강공사 비정규직 모집공고,2026.06.08,2026.06.23,마감,기타,False,전문학사,12,36,,전공무관,,,무관
840,한국산업안전보건공단,[건설업] '26년도 안전한 일터 지킴이 채용공고,2026.06.08,2026.06.18,마감,기술설비,False,전문학사,12,36,정보통신기사,전기공학과,TOEIC,800,필요
841,동남권원자력의학원,(수정) [직원채용] 별정직 약무직(약제팀 약사) 공개 채용,2026.06.08,2026.07.13,진행중,의료보건,False,학사,0,0,간호사,전공무관,TOEIC Speaking,800,무관
842,한국도로공사,한국도로공사 수원지사 기간제근로자(안전순찰원) 채용공고,2026.06.08,2026.06.14,마감,기술설비,False,학사,0,0,,기계공학과,,,무관
843,부산대학교치과병원,부산대학교치과병원 계약직(행정직_ 원무직) 직원 모집 공고,2026.06.08,2026.06.22,마감,의료보건,False,전문학사,0,0,,전공무관,,,무관
844,국립공원공단,[경주] 2026년 경주국립공원 기간제(연구복원-산사태모니터링) 직원 채용,2026.06.08,2026.06.22,마감,기타,False,고졸,36,60,,전공무관,,,무관
845,학교법인한국폴리텍,(수정) 한국폴리텍대학 바이오캠퍼스  업무직(대학운영직_경비원) 채용 공고,2026.06.08,2026.06.15,마감,공무기능,False,학력무관,0,0,,전공무관,,,무관
846,국립공원공단,[치악산] 치악산국립공원사무소 기간제(수익시설) 직원 채용,2026.06.08,2026.06.22,마감,기술설비,False,고졸,36,60,토목기사,전공무관,,,무관
847,한국도로공사서비스(주),한국도로공사서비스(주) 2026년 교통방송센터 기간제근로자 채용 공고,2026.06.08,2026.06.22,마감,기타,False,전문학사,0,0,,전공무관,,,무관
848,한국농어촌공사,한국농어촌공사 영광지사 계약직(휴직자 대체인력) 채용 공고,2026.06.08,2026.06.23,마감,기타,False,전문학사,0,0,,전공무관,,,무관
849,한국농어촌공사,한국농어촌공사 함평지사 계약직(휴직자 대체인력) 채용 공고,2026.06.08,2026.06.23,마감,기타,False,학력무관,0,0,,전공무관,,,무관
850,한국농어촌공사,한국농어촌공사 강진지사 계약직(휴직자 대체인력) 채용 공고,2026.06.08,2026.06.23,마감,기타,False,학력무관,0,0,,전공무관,,,필요
851,한국도로교통공단,한국도로교통공단 방송위원 공개 모집(4개 직위),2026.06.08,2026.06.19,마감,기타,False,학력무관,0,0,,전공무관,,,무관
852,한국농어촌공사,한국농어촌공사 나주지사 계약직(휴직자 대체인력) 채용 공고,2026.06.08,2026.06.23,마감,기타,False,학력무관,0,0,,전공무관,,,무관
853,분당서울대학교병원,분당서울대학교병원 신입(업무지원직) 직원 채용 공고,2026.06.08,2026.06.18,마감,기타,False,고졸,0,0,,전공무관,,,무관
854,한국도로공사서비스(주),한국도로공사서비스(주) 2026년 기간제근로자 채용 공고,2026.06.08,2026.06.22,마감,기타,False,학력무관,0,0,,전공무관,,,무관
855,분당서울대학교병원,분당서울대학교병원 신입(업무지원직_미화) 직원 채용 공고,2026.06.08,2026.06.18,마감,공무기능,False,고졸,0,0,,전공무관,,,무관
856,분당서울대학교병원,분당서울대학교병원 신입(업무지원직 장애인) 직원 채용 공고,2026.06.08,2026.06.18,마감,기타,False,학력무관,0,0,,전공무관,,,무관
857,한국산업안전보건공단,[제조업] '26년도 안전한 일터 지킴이 채용공고,2026.06.08,2026.06.18,마감,기술설비,False,전문학사,36,60,"건축기사,기계정비산업기사",전기공학과,,,무관
858,한국장애인고용공단,[한국장애인고용공단 경기남부직업능력개발원] 특정업무직(운영지원직) 미화원 채용,2026.06.08,2026.06.18,마감,공무기능,False,학력무관,0,0,지게차운전기능사,전공무관,,,무관
859,한전KPS(주),한전KPS(주)새울1사업처 새울1호기 제6차 OH공사 정비보조원 및 안전순찰요원 2차 채용공고,2026.06.08,2026.06.10,마감,기술설비,False,학사,0,0,산업안전기사,토목공학과,,,무관
860,한국농업기술진흥원,2026년도 한국농업기술진흥원 농업자원분석분야 제2차 기간제근로자(일반계약직) 채용 공고,2026.06.08,2026.06.19,마감,기타,False,학력무관,12,36,,전공무관,,,무관
861,한국보훈복지의료공단,[본사] 한국보훈복지의료공단 부산보훈병원장(별정직) 공개모집 공고,2026.06.08,2026.06.22,마감,상담복지,False,학력무관,0,0,사회복지사 2급,사회복지학과,,,무관
862,학교법인한국폴리텍,2026년도 산학협력중점교수 채용 공고(반도체융합캠퍼스),2026.06.08,2026.06.18,마감,교육교원,False,석사,36,72,,해당 교과 전공,,,필요
